"code_product","year_month_full","amount"
"AC1163T",2016-11-01,5.87
"AC3105B",2016-11-01,6.27
"AC3106B",2016-11-01,25.08
"CA1159A",2016-11-01,66.9
"CA1160A",2016-11-01,11.15
"CA1165A",2016-11-01,35.43
"CA1201A",2016-11-01,19.58
"CA1202A",2016-11-01,42.94
"CA1301A",2016-11-01,45.28
"CA1302A",2016-11-01,24.23
"AC3106B",2016-12-01,12.54
"CA1159A",2016-12-01,33.45
"CA1165A",2016-12-01,35.43
"CA1302A",2016-12-01,72.69
"AC1201B",2017-01-01,5.86
"AC3104B",2017-01-01,13.72
"AC3105B",2017-01-01,6.27
"AC3106B",2017-01-01,43.89
"AC3193B",2017-01-01,9.18
"BT4001G",2017-01-01,42.48
"CA1148V",2017-01-01,12.78
"CA1159A",2017-01-01,44.6
"CA1160A",2017-01-01,11.15
"CA1201A",2017-01-01,19.58
"CA1301A",2017-01-01,67.92
"CA1302A",2017-01-01,48.46
"CA1303A",2017-01-01,85.08
"AC1201B",2017-02-01,2.75
"AC3104B",2017-02-01,12.88
"AC3105B",2017-02-01,6.27
"AC3106B",2017-02-01,24.34
"AC3193B",2017-02-01,17.8
"CA1148V",2017-02-01,51.12
"CA1159A",2017-02-01,33.45
"CA1160A",2017-02-01,11.15
"CA1163B",2017-02-01,10.46
"CA1201A",2017-02-01,19.58
"CA1302A",2017-02-01,72.69
"CA1303A",2017-02-01,26.64
"AC1201B",2017-03-01,11.72
"AC1203B",2017-03-01,2.93
"AC1204B",2017-03-01,0
"AC3105B",2017-03-01,6.27
"AC3106B",2017-03-01,43.34
"AC3192B",2017-03-01,9.18
"AC3193B",2017-03-01,9.18
"CA1148V",2017-03-01,38.34
"CA1159A",2017-03-01,77.06
"CA1160A",2017-03-01,11.15
"CA1163B",2017-03-01,22.3
"CA1165A",2017-03-01,22.58
"CA1166V",2017-03-01,11.81
"CA1167V",2017-03-01,19.25
"CA1302A",2017-03-01,167.46
"CA1303A",2017-03-01,28.36
"PP2217B",2017-03-01,5.87
"PP2218B",2017-03-01,5.87
"PP2224B",2017-03-01,5.87
"AC1163T",2017-04-01,5.87
"AC1201B",2017-04-01,2.93
"AC1203B",2017-04-01,6.1
"AC3106B",2017-04-01,25.57
"AC3192B",2017-04-01,9.18
"AC3193B",2017-04-01,18.36
"CA1148V",2017-04-01,51.12
"CA1159A",2017-04-01,78.91
"CA1163B",2017-04-01,11.15
"CA1165A",2017-04-01,35.43
"CA1302A",2017-04-01,147.26
"GLPSO",2017-04-01,2.4
"LIVREC",2017-04-01,2.08
"PP2217B",2017-04-01,5.87
"AC1163T",2017-05-01,5.87
"AC1203B",2017-05-01,5.86
"AC3105B",2017-05-01,12.54
"AC3106B",2017-05-01,12.54
"AC3192B",2017-05-01,9.18
"AC3193B",2017-05-01,9.18
"CA1148V",2017-05-01,76.68
"CA1159A",2017-05-01,156.25
"CA1160A",2017-05-01,55.81
"CA1163B",2017-05-01,11.15
"CA1165A",2017-05-01,11.81
"CA1166V",2017-05-01,11.81
"CA1202A",2017-05-01,21.47
"CA1301A",2017-05-01,113.25
"CA1302A",2017-05-01,193.84
"AC1160T",2017-06-01,8.82
"AC1163T",2017-06-01,5.87
"AC1201B",2017-06-01,11.76
"AC1203B",2017-06-01,2.93
"AC1204B",2017-06-01,0
"AC3106B",2017-06-01,37.62
"AC3107B",2017-06-01,25.08
"AC3192B",2017-06-01,18.36
"AC3193B",2017-06-01,55.11
"BT4001G",2017-06-01,21.25
"CA1148V",2017-06-01,140.68
"CA1159A",2017-06-01,290.35
"CA1160A",2017-06-01,33.54
"CA1162V",2017-06-01,11.85
"CA1165A",2017-06-01,71.02
"CA1166V",2017-06-01,23.62
"CA1201A",2017-06-01,39.24
"CA1202A",2017-06-01,64.41
"CA1301A",2017-06-01,181.14
"CA1302A",2017-06-01,388
"CA1303A",2017-06-01,28.39
"PP2217B",2017-06-01,5.87
"PP2224B",2017-06-01,11.74
"SPRAF",2017-06-01,18.75
"AC1160T",2017-07-01,17.64
"AC1163T",2017-07-01,11.74
"AC1201B",2017-07-01,5.88
"AC3104B",2017-07-01,13.72
"AC3105B",2017-07-01,68.26
"AC3106B",2017-07-01,50.16
"AC3192B",2017-07-01,9.18
"AC3193B",2017-07-01,45.91
"CA1148V",2017-07-01,230.12
"CA1159A",2017-07-01,552.6
"CA1160A",2017-07-01,111.71
"CA1163B",2017-07-01,22.3
"CA1165A",2017-07-01,23.7
"CA1166V",2017-07-01,11.81
"CA1201A",2017-07-01,58.82
"CA1202A",2017-07-01,149.22
"CA1301A",2017-07-01,106.87
"CA1302A",2017-07-01,651.73
"CA1303A",2017-07-01,254.06
"GOBDIE",2017-07-01,0
"PP2272B",2017-07-01,5.87
"SPRAF",2017-07-01,37.52
"AC1160T",2017-08-01,8.82
"AC1163T",2017-08-01,5.87
"AC1201B",2017-08-01,14.7
"AC1202B",2017-08-01,2.94
"AC1203B",2017-08-01,5.87
"AC3105B",2017-08-01,12.54
"AC3106B",2017-08-01,25.08
"AC3192B",2017-08-01,0
"AC3193B",2017-08-01,62.95
"CA1148V",2017-08-01,51.12
"CA1159A",2017-08-01,378.48
"CA1160A",2017-08-01,111.16
"CA1165A",2017-08-01,82.79
"CA1166V",2017-08-01,11.81
"CA1201A",2017-08-01,39.16
"CA1202A",2017-08-01,42.94
"CA1301A",2017-08-01,113.23
"CA1302A",2017-08-01,412.15
"CA1303A",2017-08-01,556.64
"PP2217B",2017-08-01,8.82
"PP2218B",2017-08-01,11.75
"PP2224B",2017-08-01,5.88
"PP2272B",2017-08-01,11.74
"SPRAF",2017-08-01,18.77
"AC1160T",2017-09-01,19.24
"AC1163T",2017-09-01,43.86
"AC1201B",2017-09-01,38.22
"AC1202B",2017-09-01,8.82
"AC1203B",2017-09-01,4.11
"AC3104B",2017-09-01,68.66
"AC3105B",2017-09-01,47.36
"AC3106B",2017-09-01,60.27
"AC3192B",2017-09-01,40.23
"AC3193B",2017-09-01,143.99
"CA1148V",2017-09-01,191.72
"CA1159A",2017-09-01,931.72
"CA1160A",2017-09-01,272.45
"CA1162V",2017-09-01,14.16
"CA1163B",2017-09-01,44.63
"CA1165A",2017-09-01,69.8
"CA1166V",2017-09-01,23.66
"CA1167V",2017-09-01,7.7
"CA1201A",2017-09-01,156.76
"CA1202A",2017-09-01,170.69
"CA1301A",2017-09-01,858.29
"CA1302A",2017-09-01,866.52
"CA1303A",2017-09-01,368.74
"MUGDIE",2017-09-01,0
"PP2217B",2017-09-01,17.61
"PP2224B",2017-09-01,10.67
"SPRAF",2017-09-01,56.27
"AC1160T",2017-10-01,29.06
"AC1161T",2017-10-01,8.82
"AC1163T",2017-10-01,34.95
"AC1201B",2017-10-01,29.4
"AC1202B",2017-10-01,0
"AC1203B",2017-10-01,5.88
"AC1204B",2017-10-01,2.43
"AC3104B",2017-10-01,135.25
"AC3105B",2017-10-01,47.11
"AC3106B",2017-10-01,105.15
"AC3107B",2017-10-01,11.02
"AC3192B",2017-10-01,102.86
"AC3193B",2017-10-01,148.45
"BOXV",2017-10-01,70.14
"BT4001G",2017-10-01,19.12
"CA1148V",2017-10-01,213.66
"CA1159A",2017-10-01,1289.48
"CA1160A",2017-10-01,242.1
"CA1161V",2017-10-01,11.15
"CA1162V",2017-10-01,18.88
"CA1163B",2017-10-01,35.71
"CA1165A",2017-10-01,150.09
"CA1166V",2017-10-01,79.29
"CA1201A",2017-10-01,395.7
"CA1202A",2017-10-01,380.04
"CA1301A",2017-10-01,555.95
"CA1302A",2017-10-01,1351.92
"CA1303A",2017-10-01,417.12
"GLPSO",2017-10-01,4.7
"LIVREC",2017-10-01,0
"PP2217B",2017-10-01,12.63
"PP2218B",2017-10-01,0
"PP2224B",2017-10-01,7.93
"PP2272B",2017-10-01,14.09
"SPRAF",2017-10-01,26.27
"AC1160T",2017-11-01,33.14
"AC1163T",2017-11-01,69.74
"AC1201B",2017-11-01,96.18
"AC1202B",2017-11-01,9.78
"AC1203B",2017-11-01,19.98
"AC1204B",2017-11-01,5.88
"AC3104B",2017-11-01,81.53
"AC3105B",2017-11-01,141.46
"AC3106B",2017-11-01,108.76
"AC3107B",2017-11-01,10.49
"AC3192B",2017-11-01,108.66
"AC3193B",2017-11-01,305.13
"BT4001G",2017-11-01,21.24
"CA1148V",2017-11-01,115.14
"CA1159A",2017-11-01,1528.37
"CA1160A",2017-11-01,428.13
"CA1161V",2017-11-01,30.77
"CA1162V",2017-11-01,17.94
"CA1163B",2017-11-01,11.18
"CA1165A",2017-11-01,232.48
"CA1166V",2017-11-01,86.41
"CA1167V",2017-11-01,127.14
"CA1201A",2017-11-01,176.22
"CA1202A",2017-11-01,577.65
"CA1301A",2017-11-01,803.92
"CA1302A",2017-11-01,1549.89
"CA1303A",2017-11-01,1005.68
"GLPSO",2017-11-01,5.87
"GOOM002",2017-11-01,0
"LIVREC",2017-11-01,0
"PP2217B",2017-11-01,37.15
"PP2218B",2017-11-01,23.52
"PP2224B",2017-11-01,25.39
"PP2272B",2017-11-01,19.99
"AC1160T",2017-12-01,15.15
"AC1161T",2017-12-01,17.62
"AC1163T",2017-12-01,41.09
"AC1201B",2017-12-01,103.46
"AC1202B",2017-12-01,7.68
"AC1203B",2017-12-01,8.87
"AC1204B",2017-12-01,0
"AC3104B",2017-12-01,67.57
"AC3105B",2017-12-01,200.14
"AC3106B",2017-12-01,124.18
"AC3192B",2017-12-01,121.69
"AC3193B",2017-12-01,347.03
"ACCS009",2017-12-01,0
"ART0082",2017-12-01,2.08
"BT4001G",2017-12-01,21.25
"CA1148V",2017-12-01,155.94
"CA1159A",2017-12-01,2180.93
"CA1160A",2017-12-01,613.22
"CA1161V",2017-12-01,198.69
"CA1162V",2017-12-01,41.37
"CA1163B",2017-12-01,60.32
"CA1165A",2017-12-01,377.97
"CA1166V",2017-12-01,23.7
"CA1167V",2017-12-01,53.88
"CA1201A",2017-12-01,152.89
"CA1202A",2017-12-01,692.4
"CA1301A",2017-12-01,357.83
"CA1302A",2017-12-01,2194.43
"CA1303A",2017-12-01,2545.8
"PP2217B",2017-12-01,28.22
"PP2218B",2017-12-01,22.39
"PP2224B",2017-12-01,11.76
"PP2272B",2017-12-01,16.46
"AC1160T",2018-01-01,115.86
"AC1161T",2018-01-01,21.55
"AC1163T",2018-01-01,88.29
"AC1201B",2018-01-01,105.75
"AC1202B",2018-01-01,11.13
"AC1203B",2018-01-01,17.07
"AC1204B",2018-01-01,7.53
"AC3104B",2018-01-01,287.58
"AC3105B",2018-01-01,479.3
"AC3106B",2018-01-01,167.14
"AC3107B",2018-01-01,10.37
"AC3191B",2018-01-01,12.01
"AC3192B",2018-01-01,224.13
"AC3193B",2018-01-01,545.13
"ACCS009",2018-01-01,0
"ART0082",2018-01-01,1.81
"BT4001G",2018-01-01,64.63
"CA1148V",2018-01-01,204.57
"CA1159A",2018-01-01,2845.22
"CA1160A",2018-01-01,751.59
"CA1161V",2018-01-01,60.84
"CA1162V",2018-01-01,86.7
"CA1163B",2018-01-01,38.66
"CA1165A",2018-01-01,712.78
"CA1166V",2018-01-01,144.85
"CA1167V",2018-01-01,139.35
"CA1201A",2018-01-01,318.88
"CA1202A",2018-01-01,1643.73
"CA1301A",2018-01-01,1591.98
"CA1302A",2018-01-01,3401.34
"CA1303A",2018-01-01,1643.74
"GOOM002",2018-01-01,0
"GOOM003",2018-01-01,0
"LIVREC",2018-01-01,2.12
"PP2216",2018-01-01,12.06
"PP2217B",2018-01-01,51.35
"PP2218B",2018-01-01,35.46
"PP2224B",2018-01-01,56.29
"PP2272B",2018-01-01,41.58
"AC1160T",2018-02-01,66.53
"AC1161T",2018-02-01,26.06
"AC1163T",2018-02-01,71.88
"AC1201B",2018-02-01,125.75
"AC1202B",2018-02-01,8.95
"AC1203B",2018-02-01,7.05
"AC1204B",2018-02-01,8.52
"AC3104B",2018-02-01,107.2
"AC3105B",2018-02-01,449.55
"AC3106B",2018-02-01,150.65
"AC3107B",2018-02-01,52.17
"AC3192B",2018-02-01,216.32
"AC3193B",2018-02-01,493.09
"ART0082",2018-02-01,2.08
"CA1147",2018-02-01,19.15
"CA1148V",2018-02-01,471.7
"CA1159A",2018-02-01,3069.92
"CA1160A",2018-02-01,887.34
"CA1161V",2018-02-01,33.55
"CA1162V",2018-02-01,33.72
"CA1163B",2018-02-01,44.92
"CA1165A",2018-02-01,633.28
"CA1166V",2018-02-01,108.63
"CA1167V",2018-02-01,188.35
"CA1201A",2018-02-01,611.23
"CA1202A",2018-02-01,1517.55
"CA1301A",2018-02-01,1283.47
"CA1302A",2018-02-01,3918.35
"CA1303A",2018-02-01,2088.21
"GOOM002",2018-02-01,0
"LIVREC",2018-02-01,10.4
"PP2216",2018-02-01,7.22
"PP2217B",2018-02-01,45.53
"PP2218B",2018-02-01,50.11
"PP2224B",2018-02-01,49.56
"PP2272B",2018-02-01,60.56
"SACTIS",2018-02-01,0
"SPRAF",2018-02-01,19.15
"AC1160T",2018-03-01,17.53
"AC1161T",2018-03-01,17.96
"AC1163T",2018-03-01,107.56
"AC1201B",2018-03-01,73.45
"AC1202B",2018-03-01,37.14
"AC1203B",2018-03-01,18.02
"AC1204B",2018-03-01,13.51
"AC3104B",2018-03-01,163.63
"AC3105B",2018-03-01,627.15
"AC3106B",2018-03-01,194.54
"AC3107B",2018-03-01,74.38
"AC3192B",2018-03-01,223.61
"AC3193B",2018-03-01,473.22
"AR00067",2018-03-01,4.16
"AR00068",2018-03-01,4.16
"ART0082",2018-03-01,6.24
"BT4001G",2018-03-01,40.76
"CA1147",2018-03-01,76.71
"CA1148V",2018-03-01,503.2
"CA1159A",2018-03-01,3721.4
"CA1160A",2018-03-01,1320.42
"CA1161V",2018-03-01,33.55
"CA1162V",2018-03-01,77.06
"CA1163B",2018-03-01,140.56
"CA1165A",2018-03-01,949.27
"CA1166V",2018-03-01,95.72
"CA1167V",2018-03-01,157.03
"CA1201A",2018-03-01,499.17
"CA1202A",2018-03-01,2164.83
"CA1301A",2018-03-01,1736.05
"CA1302A",2018-03-01,4962.11
"CA1303A",2018-03-01,3130.55
"GLPSO",2018-03-01,5.99
"GOOM002",2018-03-01,0
"LIVREC",2018-03-01,2.12
"MUGDIE",2018-03-01,0
"PP2216",2018-03-01,3.61
"PP2217B",2018-03-01,75.62
"PP2218B",2018-03-01,18
"PP2224B",2018-03-01,74.46
"PP2272B",2018-03-01,75.1
"AC1160T",2018-04-01,34.9
"AC1161T",2018-04-01,35.06
"AC1163T",2018-04-01,78.35
"AC1201B",2018-04-01,55.49
"AC1202B",2018-04-01,16.32
"AC1204B",2018-04-01,15.01
"AC3104B",2018-04-01,107.74
"AC3105B",2018-04-01,659.14
"AC3106B",2018-04-01,164.18
"AC3107B",2018-04-01,130.52
"AC3192B",2018-04-01,183.45
"AC3193B",2018-04-01,478.86
"ACCS009",2018-04-01,0
"AR00067",2018-04-01,12.48
"AR00068",2018-04-01,0
"AR00069",2018-04-01,2.08
"ART0082",2018-04-01,1.88
"BT4001G",2018-04-01,62.52
"CA1147",2018-04-01,35.66
"CA1148V",2018-04-01,479.91
"CA1159A",2018-04-01,3671.18
"CA1160A",2018-04-01,1118.26
"CA1161V",2018-04-01,12.04
"CA1162V",2018-04-01,80.65
"CA1163B",2018-04-01,105.69
"CA1165A",2018-04-01,1067.33
"CA1166V",2018-04-01,71.63
"CA1167V",2018-04-01,213.93
"CA1201A",2018-04-01,564.12
"CA1202A",2018-04-01,2151.4
"CA1301A",2018-04-01,2064.29
"CA1302A",2018-04-01,4711.22
"CA1303A",2018-04-01,2748.02
"GOOM002",2018-04-01,0
"PP2217B",2018-04-01,40.86
"PP2218B",2018-04-01,26.97
"PP2224B",2018-04-01,32.67
"PP2272B",2018-04-01,44.43
"AC1160T",2018-05-01,134.84
"AC1161T",2018-05-01,26.08
"AC1163T",2018-05-01,58.69
"AC1201B",2018-05-01,84.37
"AC1202B",2018-05-01,15.27
"AC1203B",2018-05-01,12.04
"AC1204B",2018-05-01,18.61
"AC3104B",2018-05-01,268.1
"AC3105B",2018-05-01,611.44
"AC3106B",2018-05-01,205.04
"AC3107B",2018-05-01,128.48
"AC3192B",2018-05-01,204.42
"AC3193B",2018-05-01,640.25
"ACCS009",2018-05-01,0
"AR00067",2018-05-01,3.95
"AR00068",2018-05-01,4.06
"AR00069",2018-05-01,2.08
"ART0082",2018-05-01,0
"BT4001G",2018-05-01,84.11
"CA1147",2018-05-01,95.84
"CA1148V",2018-05-01,517.95
"CA1159A",2018-05-01,4129.57
"CA1160A",2018-05-01,1245.63
"CA1161V",2018-05-01,76.77
"CA1162V",2018-05-01,28.9
"CA1163B",2018-05-01,140.44
"CA1165A",2018-05-01,1234.06
"CA1166V",2018-05-01,0
"CA1167V",2018-05-01,98.11
"CA1201A",2018-05-01,697.75
"CA1202A",2018-05-01,2014.76
"CA1301A",2018-05-01,1359.54
"CA1302A",2018-05-01,6337.52
"CA1303A",2018-05-01,3139.09
"GOOM002",2018-05-01,0
"PP2217B",2018-05-01,36.18
"PP2218B",2018-05-01,5.99
"PP2224B",2018-05-01,28.75
"PP2272B",2018-05-01,18.05
"AC1160T",2018-06-01,26.96
"AC1161T",2018-06-01,44.94
"AC1163T",2018-06-01,104.5
"AC1201B",2018-06-01,93.85
"AC1202B",2018-06-01,16.98
"AC1204B",2018-06-01,32.35
"AC3104B",2018-06-01,204.26
"AC3105B",2018-06-01,698.2
"AC3106B",2018-06-01,163.61
"AC3107B",2018-06-01,200.13
"AC3192B",2018-06-01,333.61
"AC3193B",2018-06-01,619.99
"ACCS009",2018-06-01,0
"AR00067",2018-06-01,2.08
"AR00069",2018-06-01,4.16
"BOXV",2018-06-01,71.66
"BT4001G",2018-06-01,21.68
"CA1147",2018-06-01,36.38
"CA1148V",2018-06-01,555.75
"CA1159A",2018-06-01,4480.05
"CA1160A",2018-06-01,1504.9
"CA1161V",2018-06-01,45.48
"CA1162V",2018-06-01,12.04
"CA1163B",2018-06-01,110.42
"CA1165A",2018-06-01,906.59
"CA1167V",2018-06-01,233.52
"CA1201A",2018-06-01,538.36
"CA1202A",2018-06-01,2497.74
"CA1301A",2018-06-01,1734.55
"CA1302A",2018-06-01,5895.81
"CA1303A",2018-06-01,3791.75
"GOOM002",2018-06-01,0
"PP2216",2018-06-01,5.08
"PP2217B",2018-06-01,33.79
"PP2218B",2018-06-01,18.03
"PP2224B",2018-06-01,46.72
"PP2272B",2018-06-01,29.01
"AC1160T",2018-07-01,35.49
"AC1161T",2018-07-01,44.96
"AC1163T",2018-07-01,115.39
"AC1201B",2018-07-01,83.86
"AC1202B",2018-07-01,11.56
"AC1203B",2018-07-01,12.6
"AC1204B",2018-07-01,33.12
"AC3104B",2018-07-01,145.44
"AC3105B",2018-07-01,1137.31
"AC3106B",2018-07-01,295.2
"AC3107B",2018-07-01,165.61
"AC3192B",2018-07-01,473.88
"AC3193B",2018-07-01,656.43
"ACCS009",2018-07-01,0
"AR00067",2018-07-01,4.16
"AR00068",2018-07-01,1.97
"AR00069",2018-07-01,0
"ART0082",2018-07-01,0
"BOXV",2018-07-01,286.24
"BT4001G",2018-07-01,86.1
"CA1148V",2018-07-01,700.72
"CA1159A",2018-07-01,5588.82
"CA1160A",2018-07-01,1904.2
"CA1161V",2018-07-01,34.11
"CA1162V",2018-07-01,70.41
"CA1163B",2018-07-01,89.83
"CA1165A",2018-07-01,1140.48
"CA1167V",2018-07-01,274.71
"CA1201A",2018-07-01,656.65
"CA1202A",2018-07-01,2920.15
"CA1301A",2018-07-01,1838.39
"CA1302A",2018-07-01,6249.3
"CA1303A",2018-07-01,5992.44
"GOOM002",2018-07-01,0
"GOOM003",2018-07-01,0
"PP2216",2018-07-01,15.01
"PP2217B",2018-07-01,24.28
"PP2218B",2018-07-01,22.14
"PP2224B",2018-07-01,3.61
"PP2272B",2018-07-01,11.96
"SPRAF",2018-07-01,15.95
"AC1160T",2018-08-01,17.06
"AC1161T",2018-08-01,88.92
"AC1163T",2018-08-01,57.34
"AC1201B",2018-08-01,96.92
"AC1202B",2018-08-01,20.87
"AC1203B",2018-08-01,15.94
"AC1204B",2018-08-01,38.33
"AC3104B",2018-08-01,146.8
"AC3105B",2018-08-01,753.39
"AC3106B",2018-08-01,88.96
"AC3107B",2018-08-01,189.84
"AC3192B",2018-08-01,390.97
"AC3193B",2018-08-01,535.86
"ACCS009",2018-08-01,0
"AR00067",2018-08-01,4.16
"AR00068",2018-08-01,2.08
"AR00069",2018-08-01,4.05
"ART0082",2018-08-01,2.08
"BOXV",2018-08-01,208.98
"BT4001G",2018-08-01,105.17
"CA1147",2018-08-01,19.13
"CA1148V",2018-08-01,582.81
"CA1159A",2018-08-01,4805.85
"CA1160A",2018-08-01,1451.65
"CA1161V",2018-08-01,89.83
"CA1162V",2018-08-01,56
"CA1163B",2018-08-01,67.09
"CA1165A",2018-08-01,929.86
"CA1167V",2018-08-01,288.86
"CA1201A",2018-08-01,864.27
"CA1202A",2018-08-01,2185.11
"CA1301A",2018-08-01,2569.45
"CA1302A",2018-08-01,4764.48
"CA1303A",2018-08-01,4396.44
"GOOM002",2018-08-01,0
"GOOM003",2018-08-01,0
"GOOM004",2018-08-01,0
"PP2216",2018-08-01,5.97
"PP2217B",2018-08-01,16.16
"PP2218B",2018-08-01,5.99
"PP2224B",2018-08-01,16.75
"PP2272B",2018-08-01,11.96
"AC1160T",2018-09-01,89.86
"AC1161T",2018-09-01,53.9
"AC1163T",2018-09-01,151.71
"AC1201B",2018-09-01,131.47
"AC1202B",2018-09-01,42.14
"AC1203B",2018-09-01,21.24
"AC1204B",2018-09-01,33.24
"AC3104B",2018-09-01,94.98
"AC3105B",2018-09-01,1071.42
"AC3106B",2018-09-01,220.47
"AC3107B",2018-09-01,278.36
"AC3191B",2018-09-01,24.16
"AC3192B",2018-09-01,451.65
"AC3193B",2018-09-01,903.11
"ACCS009",2018-09-01,0
"AR00067",2018-09-01,10.4
"AR00068",2018-09-01,2.08
"AR00069",2018-09-01,2.08
"ART0082",2018-09-01,2.08
"BOXV",2018-09-01,73.18
"BT4001G",2018-09-01,42.93
"CA1147",2018-09-01,37.92
"CA1148V",2018-09-01,589.7
"CA1159A",2018-09-01,6334.55
"CA1160A",2018-09-01,1658.04
"CA1161V",2018-09-01,65.4
"CA1162V",2018-09-01,251.67
"CA1163B",2018-09-01,192.16
"CA1165A",2018-09-01,1156.32
"CA1166V",2018-09-01,24.08
"CA1167V",2018-09-01,331.72
"CA1201A",2018-09-01,972.84
"CA1202A",2018-09-01,2504.36
"CA1301A",2018-09-01,4867.84
"CA1302A",2018-09-01,6639.75
"CA1303A",2018-09-01,3166.33
"GLPSO",2018-09-01,5.87
"GOOM002",2018-09-01,1.25
"GOOM003",2018-09-01,0
"PP2216",2018-09-01,11.39
"PP2217B",2018-09-01,76.85
"PP2218B",2018-09-01,35.16
"PP2224B",2018-09-01,65.11
"PP2272B",2018-09-01,61.7
"SACTIS",2018-09-01,0
"SPRAF",2018-09-01,19.13
"AC1160T",2018-10-01,133.51
"AC1161T",2018-10-01,34.12
"AC1163T",2018-10-01,155.2
"AC1201B",2018-10-01,125.4
"AC1202B",2018-10-01,94.35
"AC1203B",2018-10-01,42.54
"AC1204B",2018-10-01,91.68
"AC3104B",2018-10-01,148.07
"AC3105B",2018-10-01,1287.52
"AC3106B",2018-10-01,216.48
"AC3107B",2018-10-01,301.12
"AC3192B",2018-10-01,639.15
"AC3193B",2018-10-01,1112.31
"ACCS009",2018-10-01,0
"AR00067",2018-10-01,4.16
"AR00068",2018-10-01,0
"AR00069",2018-10-01,0
"ART0082",2018-10-01,2.08
"BOXV",2018-10-01,77.2
"BT4001G",2018-10-01,86.53
"CA1147",2018-10-01,95.71
"CA1148V",2018-10-01,804.44
"CA1159A",2018-10-01,7206.97
"CA1160A",2018-10-01,1679.12
"CA1161V",2018-10-01,34.11
"CA1162V",2018-10-01,365.01
"CA1163B",2018-10-01,239.26
"CA1165A",2018-10-01,1106.98
"CA1166V",2018-10-01,390.48
"CA1167V",2018-10-01,854.21
"CA1201A",2018-10-01,1761.93
"CA1202A",2018-10-01,3056.14
"CA1301A",2018-10-01,3397.17
"CA1302A",2018-10-01,8619.9
"CA1303A",2018-10-01,4198.22
"GLPSO",2018-10-01,0
"GOOM002",2018-10-01,0
"GOOM003",2018-10-01,0
"PP2216",2018-10-01,18.93
"PP2217B",2018-10-01,49.67
"PP2218B",2018-10-01,15.6
"PP2224B",2018-10-01,54.49
"PP2272B",2018-10-01,61.08
"SPRAF",2018-10-01,0
"AC1160T",2018-11-01,151.98
"AC1161T",2018-11-01,24.26
"AC1163T",2018-11-01,171.85
"AC1201B",2018-11-01,159.81
"AC1202B",2018-11-01,94.56
"AC1203B",2018-11-01,58.8
"AC1204B",2018-11-01,52.07
"AC3104B",2018-11-01,321.25
"AC3105B",2018-11-01,1429.45
"AC3106B",2018-11-01,240.76
"AC3107B",2018-11-01,241.89
"AC3192B",2018-11-01,754.14
"AC3193B",2018-11-01,975.81
"ACCS009",2018-11-01,0
"AR00067",2018-11-01,8.36
"AR00068",2018-11-01,0
"AR00069",2018-11-01,2.08
"ART0082",2018-11-01,2.08
"BT4001G",2018-11-01,58.55
"CA1147",2018-11-01,74.77
"CA1148V",2018-11-01,707.05
"CA1159A",2018-11-01,6685.24
"CA1160A",2018-11-01,1976.12
"CA1161V",2018-11-01,226.69
"CA1162V",2018-11-01,303.36
"CA1163B",2018-11-01,234.63
"CA1165A",2018-11-01,1403.47
"CA1166V",2018-11-01,460.21
"CA1167V",2018-11-01,310.16
"CA1201A",2018-11-01,947.98
"CA1202A",2018-11-01,3020.42
"CA1301A",2018-11-01,3620.61
"CA1302A",2018-11-01,7377.49
"CA1303A",2018-11-01,5225.01
"GLPSO",2018-11-01,5.87
"GOOM002",2018-11-01,0
"GOOM003",2018-11-01,0
"PP2216",2018-11-01,12.04
"PP2217B",2018-11-01,65.05
"PP2218B",2018-11-01,35.38
"PP2224B",2018-11-01,47.37
"PP2272B",2018-11-01,65.67
"AC1160T",2018-12-01,143.49
"AC1161T",2018-12-01,98.94
"AC1163T",2018-12-01,110.34
"AC1201B",2018-12-01,161.42
"AC1202B",2018-12-01,71.87
"AC1203B",2018-12-01,39.2
"AC1204B",2018-12-01,18.5
"AC3104B",2018-12-01,264.86
"AC3105B",2018-12-01,1509.06
"AC3106B",2018-12-01,247.55
"AC3107B",2018-12-01,286.99
"AC3191B",2018-12-01,0
"AC3192B",2018-12-01,579.55
"AC3193B",2018-12-01,952.31
"ACCS009",2018-12-01,0
"AR00067",2018-12-01,2.08
"AR00068",2018-12-01,0
"AR00069",2018-12-01,0
"ART0082",2018-12-01,2.08
"BOXFP",2018-12-01,474.05
"BOXFS",2018-12-01,2438.08
"BT4001G",2018-12-01,64
"CA1147",2018-12-01,18.96
"CA1148V",2018-12-01,339.32
"CA1159A",2018-12-01,8468.58
"CA1160A",2018-12-01,3054.84
"CA1161V",2018-12-01,2148.63
"CA1162V",2018-12-01,316.63
"CA1163B",2018-12-01,169.42
"CA1165A",2018-12-01,1406.78
"CA1166V",2018-12-01,360.69
"CA1167V",2018-12-01,176.7
"CA1201A",2018-12-01,1101.32
"CA1202A",2018-12-01,2753.28
"CA1301A",2018-12-01,2756.61
"CA1302A",2018-12-01,6548.45
"CA1303A",2018-12-01,14686.65
"CERCHOC",2018-12-01,6.63
"GOOM002",2018-12-01,0
"GOOM003",2018-12-01,0
"PP2216",2018-12-01,0
"PP2217B",2018-12-01,40.11
"PP2218B",2018-12-01,27.83
"PP2224B",2018-12-01,40.74
"PP2272B",2018-12-01,83.29
"SACTIS",2018-12-01,0
"AC1160T",2019-01-01,680.6
"AC1161T",2019-01-01,919.59
"AC1163T",2019-01-01,1940.44
"AC1201B",2019-01-01,502.63
"AC1202B",2019-01-01,956.5
"AC1203B",2019-01-01,1093.01
"AC1204B",2019-01-01,1642.19
"AC3104B",2019-01-01,807.4
"AC3105B",2019-01-01,4355.79
"AC3106B",2019-01-01,645.59
"AC3107B",2019-01-01,616.04
"AC3191B",2019-01-01,376.52
"AC3192B",2019-01-01,1731.89
"AC3193B",2019-01-01,3058.88
"ACCS009",2019-01-01,0
"AR00067",2019-01-01,24.57
"AR00068",2019-01-01,0
"AR00069",2019-01-01,0
"ART0082",2019-01-01,0
"BOXDT",2019-01-01,0
"BOXV",2019-01-01,150.93
"BOXVP",2019-01-01,392.34
"BT4001G",2019-01-01,393.91
"CA1147",2019-01-01,174.97
"CA1148V",2019-01-01,2210.89
"CA1159A",2019-01-01,21729.21
"CA1160A",2019-01-01,7067.35
"CA1161V",2019-01-01,393
"CA1162V",2019-01-01,470.39
"CA1163B",2019-01-01,722.69
"CA1165A",2019-01-01,3513.78
"CA1166V",2019-01-01,803.78
"CA1167V",2019-01-01,1211.94
"CA1201A",2019-01-01,3515.68
"CA1202A",2019-01-01,6132.45
"CA1301A",2019-01-01,19507.92
"CA1302A",2019-01-01,20102.5
"CA1303A",2019-01-01,10596.33
"GLPSO",2019-01-01,48.87
"GOOM002",2019-01-01,0
"MUGDIE",2019-01-01,0
"PP2216",2019-01-01,23
"PP2217B",2019-01-01,275.47
"PP2218B",2019-01-01,169.73
"PP2224B",2019-01-01,183.72
"PP2272B",2019-01-01,1128.59
"SPANFR",2019-01-01,35.54
"SPRAF",2019-01-01,0
"AC1160T",2019-02-01,875.42
"AC1161T",2019-02-01,213.67
"AC1163T",2019-02-01,792.72
"AC1201B",2019-02-01,760.16
"AC1202B",2019-02-01,567.96
"AC1203B",2019-02-01,266.17
"AC1204B",2019-02-01,124.88
"AC3104B",2019-02-01,946.85
"AC3105B",2019-02-01,4898.56
"AC3106B",2019-02-01,1023.29
"AC3107B",2019-02-01,1645.75
"AC3191B",2019-02-01,227.04
"AC3192B",2019-02-01,2303.43
"AC3193B",2019-02-01,4024.83
"ACCS009",2019-02-01,0
"AR00067",2019-02-01,35.3
"AR00068",2019-02-01,4.16
"AR00069",2019-02-01,2.08
"ART0082",2019-02-01,4.16
"BOXDT",2019-02-01,403.2
"BOXFP",2019-02-01,45.12
"BT4001G",2019-02-01,153.48
"CA1147",2019-02-01,635.26
"CA1148V",2019-02-01,2125.07
"CA1159A",2019-02-01,30498.61
"CA1160A",2019-02-01,8143.49
"CA1161V",2019-02-01,353.65
"CA1162V",2019-02-01,706.02
"CA1163B",2019-02-01,518.02
"CA1165A",2019-02-01,4791.05
"CA1166V",2019-02-01,683.01
"CA1167V",2019-02-01,1163.88
"CA1201A",2019-02-01,6624.85
"CA1202A",2019-02-01,8206.2
"CA1301A",2019-02-01,20957
"CA1302A",2019-02-01,33201.44
"CA1303A",2019-02-01,15716.25
"CERNATU",2019-02-01,6.16
"FIC0013",2019-02-01,0
"GLPSO",2019-02-01,17.09
"GOBDIE",2019-02-01,0
"GOOM002",2019-02-01,3.5
"GOOM003",2019-02-01,0
"GOOM005",2019-02-01,0
"MUGDIE",2019-02-01,0
"PP2216",2019-02-01,48.96
"PP2217B",2019-02-01,397.06
"PP2218B",2019-02-01,225.17
"PP2224B",2019-02-01,1017.36
"PP2272B",2019-02-01,400.22
"SACTIS",2019-02-01,0
"SPANFR",2019-02-01,16.88
"SPRAF",2019-02-01,28.44
"AC1160T",2019-03-01,555.96
"AC1161T",2019-03-01,628.6
"AC1163T",2019-03-01,1328.88
"AC1201B",2019-03-01,1597.24
"AC1202B",2019-03-01,2401.54
"AC1203B",2019-03-01,851.38
"AC1204B",2019-03-01,2748.3
"AC3104B",2019-03-01,2344.1
"AC3105B",2019-03-01,8966.22
"AC3106B",2019-03-01,1023.81
"AC3107B",2019-03-01,2030.83
"AC3191B",2019-03-01,231.79
"AC3192B",2019-03-01,3565.15
"AC3193B",2019-03-01,7185.93
"ACCS009",2019-03-01,0
"AR00067",2019-03-01,94.03
"AR00068",2019-03-01,22.75
"AR00069",2019-03-01,15.05
"ART0082",2019-03-01,15.02
"BOXFS",2019-03-01,469.32
"BOXV",2019-03-01,1728.18
"BOXVP",2019-03-01,223.65
"BT4001G",2019-03-01,1399.23
"CA1147",2019-03-01,824.95
"CA1148V",2019-03-01,4591.77
"CA1159A",2019-03-01,53466.89
"CA1160A",2019-03-01,13532.35
"CA1161V",2019-03-01,941.3
"CA1162V",2019-03-01,1069.86
"CA1163B",2019-03-01,962.85
"CA1165A",2019-03-01,9901.73
"CA1166V",2019-03-01,1545.52
"CA1167V",2019-03-01,2185.04
"CA1201A",2019-03-01,10911.33
"CA1202A",2019-03-01,17178.69
"CA1301A",2019-03-01,39685.73
"CA1302A",2019-03-01,48723.03
"CA1303A",2019-03-01,30118.76
"GLPSO",2019-03-01,61.1
"GOBDIE",2019-03-01,0
"GOOM002",2019-03-01,0
"GOOM003",2019-03-01,0
"GOOM005",2019-03-01,0
"MUGDIE",2019-03-01,0
"PP2216",2019-03-01,42.71
"PP2217B",2019-03-01,1715.76
"PP2218B",2019-03-01,458.19
"PP2224B",2019-03-01,409.86
"PP2272B",2019-03-01,500.08
"SACTIS",2019-03-01,0
"SPRAF",2019-03-01,39.23
"AC1160T",2019-04-01,833.3
"AC1161T",2019-04-01,488.41
"AC1163T",2019-04-01,1355.11
"AC1201B",2019-04-01,1606.55
"AC1202B",2019-04-01,532.3
"AC1203B",2019-04-01,443.29
"AC1204B",2019-04-01,244.98
"AC3104B",2019-04-01,2777.8
"AC3105B",2019-04-01,5677.91
"AC3106B",2019-04-01,480.35
"AC3107B",2019-04-01,3770.66
"AC3191B",2019-04-01,182.66
"AC3192B",2019-04-01,5207.75
"AC3193B",2019-04-01,9124.18
"ACCS009",2019-04-01,0.22
"AR00067",2019-04-01,103.27
"AR00068",2019-04-01,16.71
"AR00069",2019-04-01,10.4
"ART0082",2019-04-01,14.56
"BOXV",2019-04-01,72.82
"BOXVP",2019-04-01,87.18
"BT4001G",2019-04-01,221.48
"CA1147",2019-04-01,1612.46
"CA1148V",2019-04-01,4995.11
"CA1159A",2019-04-01,74106.11
"CA1160A",2019-04-01,19367.73
"CA1161V",2019-04-01,1229.69
"CA1162V",2019-04-01,1319.92
"CA1163B",2019-04-01,1409.41
"CA1165A",2019-04-01,13299.41
"CA1166V",2019-04-01,1980.32
"CA1167V",2019-04-01,3866.75
"CA1201A",2019-04-01,14644.19
"CA1202A",2019-04-01,25857.44
"CA1301A",2019-04-01,44099.36
"CA1302A",2019-04-01,74114.52
"CA1303A",2019-04-01,46942.77
"GLPSO",2019-04-01,18.09
"GOOM002",2019-04-01,2.5
"GOOM003",2019-04-01,0
"GOOM004",2019-04-01,1
"GOOM005",2019-04-01,0
"PP2216",2019-04-01,59.81
"PP2217B",2019-04-01,627.25
"PP2218B",2019-04-01,349.65
"PP2224B",2019-04-01,456.15
"PP2272B",2019-04-01,706
"AC1160T",2019-05-01,677.04
"AC1161T",2019-05-01,820.94
"AC1163T",2019-05-01,1390.54
"AC1201B",2019-05-01,2162.93
"AC1202B",2019-05-01,670.71
"AC1203B",2019-05-01,430.27
"AC1204B",2019-05-01,372.37
"AC3104B",2019-05-01,2668.55
"AC3105B",2019-05-01,1209.89
"AC3106B",2019-05-01,414.42
"AC3107B",2019-05-01,2533.46
"AC3191B",2019-05-01,198.66
"AC3192B",2019-05-01,6804.08
"AC3193B",2019-05-01,11852.32
"ACCS009",2019-05-01,4.16
"AR00067",2019-05-01,125.21
"AR00068",2019-05-01,22.63
"AR00069",2019-05-01,24.94
"ART0082",2019-05-01,14.55
"BOXDT",2019-05-01,169.57
"BOXH",2019-05-01,0
"BOXV",2019-05-01,147.7
"BOXVP",2019-05-01,356.27
"BT4001G",2019-05-01,1065.61
"CA1147",2019-05-01,1172.5
"CA1148V",2019-05-01,4351.68
"CA1159A",2019-05-01,87165.84
"CA1160A",2019-05-01,22081.95
"CA1161V",2019-05-01,1599.28
"CA1162V",2019-05-01,1408.77
"CA1163B",2019-05-01,2166.89
"CA1165A",2019-05-01,15926.07
"CA1166V",2019-05-01,1405.11
"CA1167V",2019-05-01,4153.27
"CA1201A",2019-05-01,14222.39
"CA1202A",2019-05-01,34028.4
"CA1301A",2019-05-01,59184.06
"CA1302A",2019-05-01,83617.76
"CA1303A",2019-05-01,53879.85
"CERCHOC",2019-05-01,16.05
"CERFRUI",2019-05-01,9.48
"GLPSO",2019-05-01,29.69
"GOOM002",2019-05-01,1.67
"GOOM003",2019-05-01,5.95
"GOOM005",2019-05-01,23.84
"PP2216",2019-05-01,148.61
"PP2217B",2019-05-01,997.54
"PP2218B",2019-05-01,641.25
"PP2224B",2019-05-01,617.72
"PP2272B",2019-05-01,1051.34
"SPANFR",2019-05-01,35.54
"AC1160T",2019-06-01,1133.16
"AC1161T",2019-06-01,2316.25
"AC1163T",2019-06-01,2140.37
"AC1201B",2019-06-01,2973.04
"AC1202B",2019-06-01,937.49
"AC1203B",2019-06-01,790.22
"AC1204B",2019-06-01,451.15
"AC3104B",2019-06-01,3951.72
"AC3105B",2019-06-01,249.24
"AC3106B",2019-06-01,126.11
"AC3107B",2019-06-01,2009.3
"AC3191B",2019-06-01,349.67
"AC3192B",2019-06-01,8727.92
"AC3193B",2019-06-01,17324.83
"ACCS009",2019-06-01,4.16
"AR00067",2019-06-01,206.49
"AR00068",2019-06-01,36.91
"AR00069",2019-06-01,34.63
"ART0082",2019-06-01,51.77
"BOXDT",2019-06-01,331.82
"BOXH",2019-06-01,279.38
"BOXV",2019-06-01,728.96
"BOXVP",2019-06-01,1009.57
"BT4001G",2019-06-01,2626.73
"CA1147",2019-06-01,1651.32
"CA1148V",2019-06-01,8347.11
"CA1159A",2019-06-01,132280.81
"CA1160A",2019-06-01,33679.83
"CA1161V",2019-06-01,3215.57
"CA1162V",2019-06-01,1921.92
"CA1163B",2019-06-01,3156.27
"CA1165A",2019-06-01,22425.32
"CA1166V",2019-06-01,2842.08
"CA1167V",2019-06-01,7808.52
"CA1201A",2019-06-01,26494.11
"CA1202A",2019-06-01,46483.04
"CA1301A",2019-06-01,91211.74
"CA1302A",2019-06-01,123282.15
"CA1303A",2019-06-01,83007.79
"CERCHOC",2019-06-01,13.64
"CERFRUI",2019-06-01,13.64
"GLPSO",2019-06-01,27.25
"GOOM002",2019-06-01,9.28
"GOOM003",2019-06-01,22.7
"GOOM005",2019-06-01,30.9
"LIVREC",2019-06-01,2.08
"PP2216",2019-06-01,256.73
"PP2217B",2019-06-01,1370.42
"PP2218B",2019-06-01,858.5
"PP2224B",2019-06-01,756.58
"PP2272B",2019-06-01,1251.51
"SPANFR",2019-06-01,17.77
"AC1160T",2019-07-01,1743.63
"AC1161T",2019-07-01,4018.11
"AC1163T",2019-07-01,2692.51
"AC1201B",2019-07-01,3592.91
"AC1202B",2019-07-01,1032.48
"AC1203B",2019-07-01,866.37
"AC1204B",2019-07-01,625.59
"AC3104B",2019-07-01,4892.9
"AC3105B",2019-07-01,1058.64
"AC3106B",2019-07-01,433.59
"AC3107B",2019-07-01,978.93
"AC3191B",2019-07-01,415.94
"AC3192B",2019-07-01,11602.49
"AC3193B",2019-07-01,24096.01
"ACCS009",2019-07-01,2.08
"AR00067",2019-07-01,289.75
"AR00068",2019-07-01,65.99
"AR00069",2019-07-01,36.8
"ART0082",2019-07-01,48.86
"BOXDT",2019-07-01,170.09
"BOXH",2019-07-01,484.11
"BOXV",2019-07-01,6290.83
"BOXVP",2019-07-01,1384.72
"BT4001G",2019-07-01,2548.36
"CA1147",2019-07-01,2083.46
"CA1148V",2019-07-01,25312.96
"CA1159A",2019-07-01,220493.62
"CA1160A",2019-07-01,67999.76
"CA1161V",2019-07-01,4482.34
"CA1162V",2019-07-01,3027.05
"CA1163B",2019-07-01,4078.49
"CA1165A",2019-07-01,36766.62
"CA1166V",2019-07-01,4672.35
"CA1167V",2019-07-01,12224
"CA1201A",2019-07-01,42915.97
"CA1202A",2019-07-01,85332.22
"CA1301A",2019-07-01,117121.85
"CA1302A",2019-07-01,207567.49
"CA1303A",2019-07-01,186963.64
"CERCHOC",2019-07-01,13882.49
"CERFRUI",2019-07-01,5155.71
"CERNATU",2019-07-01,570.98
"GLPSO",2019-07-01,12.22
"GOOM002",2019-07-01,10.53
"GOOM003",2019-07-01,0
"GOOM004",2019-07-01,0
"GOOM005",2019-07-01,18.92
"NEW1",2019-07-01,289
"PP2216",2019-07-01,237.71
"PP2217B",2019-07-01,1228
"PP2218B",2019-07-01,901.22
"PP2224B",2019-07-01,940.6
"PP2272B",2019-07-01,1286.05
"AC1160T",2019-08-01,1076.42
"AC1161T",2019-08-01,1708.98
"AC1163T",2019-08-01,2205.04
"AC1201B",2019-08-01,1832.01
"AC1202B",2019-08-01,704.1
"AC1203B",2019-08-01,503.42
"AC1204B",2019-08-01,262.05
"AC3104B",2019-08-01,3627.66
"AC3105B",2019-08-01,595.08
"AC3106B",2019-08-01,333.84
"AC3107B",2019-08-01,311.4
"AC3191B",2019-08-01,140.55
"AC3192B",2019-08-01,6734.96
"AC3193B",2019-08-01,14099.26
"ACCS009",2019-08-01,0
"AR00067",2019-08-01,235.31
"AR00068",2019-08-01,35.36
"AR00069",2019-08-01,39.84
"ART0082",2019-08-01,22.87
"BOXDT",2019-08-01,256.49
"BOXH",2019-08-01,95.9
"BOXV",2019-08-01,3751.65
"BOXVP",2019-08-01,87.18
"BT4001G",2019-08-01,1246.5
"CA1147",2019-08-01,1610.59
"CA1148V",2019-08-01,13891.88
"CA1159A",2019-08-01,138123.43
"CA1160A",2019-08-01,42972.78
"CA1161V",2019-08-01,2979.99
"CA1162V",2019-08-01,2306.08
"CA1163B",2019-08-01,2701.98
"CA1165A",2019-08-01,25505.95
"CA1166V",2019-08-01,2920.93
"CA1167V",2019-08-01,5331.18
"CA1201A",2019-08-01,23119.68
"CA1202A",2019-08-01,55828.53
"CA1301A",2019-08-01,78508.77
"CA1302A",2019-08-01,143663.64
"CA1303A",2019-08-01,110507.51
"CERCHOC",2019-08-01,8926.73
"CERFRUI",2019-08-01,3725.01
"CERNATU",2019-08-01,1605.28
"GOOM002",2019-08-01,8.34
"GOOM003",2019-08-01,10
"GOOM005",2019-08-01,15.84
"GOOS001",2019-08-01,0
"NEW1",2019-08-01,246.84
"PP2216",2019-08-01,225.99
"PP2217B",2019-08-01,912.43
"PP2218B",2019-08-01,640.14
"PP2224B",2019-08-01,565.51
"PP2272B",2019-08-01,1226.51
"AC1160T",2019-09-01,2337.27
"AC1161T",2019-09-01,1808.93
"AC1163T",2019-09-01,3520.43
"AC1201B",2019-09-01,3031.37
"AC1202B",2019-09-01,1036.85
"AC1203B",2019-09-01,1038.22
"AC1204B",2019-09-01,584.35
"AC3104B",2019-09-01,7207.09
"AC3105B",2019-09-01,668.42
"AC3106B",2019-09-01,338.19
"AC3107B",2019-09-01,404.16
"AC3191B",2019-09-01,284.36
"AC3192B",2019-09-01,11238.86
"AC3193B",2019-09-01,23963.13
"ACCS009",2019-09-01,4.16
"AR00067",2019-09-01,362.87
"AR00068",2019-09-01,49.69
"AR00069",2019-09-01,39.51
"ART0082",2019-09-01,50.83
"BOXDT",2019-09-01,786.37
"BOXV",2019-09-01,368.18
"BOXVP",2019-09-01,588.81
"BT4001G",2019-09-01,1243.28
"CA1147",2019-09-01,3127.82
"CA1148V",2019-09-01,18122.32
"CA1159A",2019-09-01,195982.31
"CA1160A",2019-09-01,47280.86
"CA1161V",2019-09-01,4656.93
"CA1162V",2019-09-01,2816.39
"CA1163B",2019-09-01,4242.01
"CA1165A",2019-09-01,33114.4
"CA1166V",2019-09-01,7189.39
"CA1167V",2019-09-01,14020.32
"CA1201A",2019-09-01,32967.82
"CA1202A",2019-09-01,77048.23
"CA1301A",2019-09-01,155185.67
"CA1302A",2019-09-01,186732.38
"CA1303A",2019-09-01,107002.19
"CERCHOC",2019-09-01,14694.3
"CERFRUI",2019-09-01,5476.98
"CERNATU",2019-09-01,2923.35
"GOOM002",2019-09-01,4.78
"GOOM003",2019-09-01,5
"GOOM004",2019-09-01,0
"GOOM005",2019-09-01,13.38
"GOOS001",2019-09-01,1.08
"NEW1",2019-09-01,264.3
"PP2216",2019-09-01,385.95
"PP2217B",2019-09-01,1950.62
"PP2218B",2019-09-01,1411.1
"PP2224B",2019-09-01,1336.84
"PP2272B",2019-09-01,2070.25
"AC1160T",2019-10-01,3033.67
"AC1161T",2019-10-01,1583.25
"AC1163T",2019-10-01,4682.62
"AC1201B",2019-10-01,3732.17
"AC1202B",2019-10-01,1521.88
"AC1203B",2019-10-01,1492.58
"AC1204B",2019-10-01,707.3
"AC3104B",2019-10-01,7703.28
"AC3105B",2019-10-01,921.48
"AC3106B",2019-10-01,389.11
"AC3107B",2019-10-01,235.93
"AC3191B",2019-10-01,378.55
"AC3192B",2019-10-01,14103.03
"AC3193B",2019-10-01,27869.05
"ACCS009",2019-10-01,4.59
"AR00067",2019-10-01,366.06
"AR00068",2019-10-01,67.96
"AR00069",2019-10-01,61.63
"ART0082",2019-10-01,57.94
"BOXDT",2019-10-01,1130.28
"BOXH",2019-10-01,345.53
"BOXV",2019-10-01,653.89
"BOXVP",2019-10-01,1527.22
"BT4001G",2019-10-01,1928.6
"CA1147",2019-10-01,3596.87
"CA1148V",2019-10-01,19588.69
"CA1159A",2019-10-01,247861.74
"CA1160A",2019-10-01,60092.04
"CA1161V",2019-10-01,5644.07
"CA1162V",2019-10-01,3467.99
"CA1163B",2019-10-01,5660.84
"CA1165A",2019-10-01,45494.61
"CA1166V",2019-10-01,12200.56
"CA1167V",2019-10-01,19417.9
"CA1201A",2019-10-01,50415.07
"CA1202A",2019-10-01,98765.05
"CA1301A",2019-10-01,153372.4
"CA1302A",2019-10-01,254428.4
"CA1303A",2019-10-01,161862.46
"CERCHOC",2019-10-01,19551.33
"CERFRUI",2019-10-01,6394.4
"CERNATU",2019-10-01,3881.33
"GLPSO",2019-10-01,6.11
"GOBDIE",2019-10-01,1.25
"GOOM002",2019-10-01,17.74
"GOOM003",2019-10-01,0
"GOOM004",2019-10-01,0
"GOOM005",2019-10-01,9.08
"GOOS001",2019-10-01,0
"NEW1",2019-10-01,202.56
"PP2216",2019-10-01,503.72
"PP2217B",2019-10-01,2283.59
"PP2218B",2019-10-01,1650.09
"PP2224B",2019-10-01,1477.22
"PP2272B",2019-10-01,2470.05
"SPRAF",2019-10-01,0
"AC1160T",2019-11-01,2689.34
"AC1161T",2019-11-01,1918.28
"AC1163T",2019-11-01,4710.85
"AC1201B",2019-11-01,3761.19
"AC1202B",2019-11-01,1436.93
"AC1203B",2019-11-01,1476.26
"AC1204B",2019-11-01,534.5
"AC3104B",2019-11-01,6193.12
"AC3105B",2019-11-01,706.94
"AC3106B",2019-11-01,446.58
"AC3107B",2019-11-01,166.43
"AC3191B",2019-11-01,413.75
"AC3192B",2019-11-01,12914.66
"AC3193B",2019-11-01,24858.16
"ACCS009",2019-11-01,9.6
"AR00067",2019-11-01,291.73
"AR00068",2019-11-01,59.88
"AR00069",2019-11-01,52.79
"ART0082",2019-11-01,37.23
"BOXDT",2019-11-01,964.69
"BOXFP",2019-11-01,618.68
"BOXFS",2019-11-01,460.22
"BOXH",2019-11-01,241.48
"BOXV",2019-11-01,216.12
"BOXVP",2019-11-01,1552.38
"BT4001G",2019-11-01,1584.41
"CA1147",2019-11-01,2927.78
"CA1148V",2019-11-01,16995.88
"CA1159A",2019-11-01,215342.21
"CA1160A",2019-11-01,56215.42
"CA1161V",2019-11-01,6158.96
"CA1162V",2019-11-01,3404.31
"CA1163B",2019-11-01,4954.71
"CA1165A",2019-11-01,40444.08
"CA1166V",2019-11-01,10636.87
"CA1167V",2019-11-01,14386.1
"CA1201A",2019-11-01,39285.2
"CA1202A",2019-11-01,92159.74
"CA1301A",2019-11-01,127289.97
"CA1302A",2019-11-01,233285.8
"CA1303A",2019-11-01,150995.18
"CERCHOC",2019-11-01,17879.48
"CERFRUI",2019-11-01,5868.41
"CERNATU",2019-11-01,3716.53
"GLPSO",2019-11-01,43.86
"GOBDIE",2019-11-01,0
"GOOM002",2019-11-01,11.89
"GOOM003",2019-11-01,0
"GOOM004",2019-11-01,0
"GOOM005",2019-11-01,2.36
"GOOM006",2019-11-01,0
"GOOS001",2019-11-01,0
"LIVREC",2019-11-01,0
"MUGDIE",2019-11-01,0
"NEW1",2019-11-01,246.84
"PP2216",2019-11-01,377.19
"PP2217B",2019-11-01,2387.24
"PP2218B",2019-11-01,1701.73
"PP2224B",2019-11-01,1631.04
"PP2272B",2019-11-01,2538.49
"AC1160T",2019-12-01,2254.31
"AC1161T",2019-12-01,1354.44
"AC1163T",2019-12-01,3591.45
"AC1201B",2019-12-01,2632.46
"AC1202B",2019-12-01,1212.34
"AC1203B",2019-12-01,1125.76
"AC1204B",2019-12-01,650.84
"AC3104B",2019-12-01,4588.33
"AC3105B",2019-12-01,694.9
"AC3106B",2019-12-01,197.52
"AC3107B",2019-12-01,96.82
"AC3191B",2019-12-01,356.06
"AC3192B",2019-12-01,9622.71
"AC3193B",2019-12-01,20397.83
"ACCS009",2019-12-01,0
"AR00004",2019-12-01,0
"AR00067",2019-12-01,155.43
"AR00068",2019-12-01,26.51
"AR00069",2019-12-01,26.66
"ART0082",2019-12-01,66.13
"BOXDT",2019-12-01,333.63
"BOXFP",2019-12-01,32358.03
"BOXFS",2019-12-01,25164.48
"BOXV",2019-12-01,212.29
"BOXVP",2019-12-01,862.19
"BT4001G",2019-12-01,1177.56
"CA1147",2019-12-01,2311.2
"CA1148V",2019-12-01,17437.1
"CA1159A",2019-12-01,219578.63
"CA1160A",2019-12-01,74381.98
"CA1161V",2019-12-01,40324.94
"CA1162V",2019-12-01,2553.45
"CA1163B",2019-12-01,3520.16
"CA1165A",2019-12-01,36273.79
"CA1166V",2019-12-01,5410.17
"CA1167V",2019-12-01,12450.56
"CA1201A",2019-12-01,30831.61
"CA1202A",2019-12-01,80022.2
"CA1301A",2019-12-01,81162.43
"CA1302A",2019-12-01,186724.84
"CA1303A",2019-12-01,325398.13
"CERCHOC",2019-12-01,16142.14
"CERFRUI",2019-12-01,5052.69
"CERNATU",2019-12-01,3546.2
"GLPSO",2019-12-01,31.06
"GOBDIE",2019-12-01,0
"GOOM002",2019-12-01,7.1
"GOOM003",2019-12-01,16.32
"GOOM004",2019-12-01,0
"GOOM005",2019-12-01,23.77
"GOOM006",2019-12-01,0
"GOOS001",2019-12-01,0
"NEW1",2019-12-01,174.24
"PP2216",2019-12-01,335.62
"PP2217B",2019-12-01,1750.19
"PP2218B",2019-12-01,1288.12
"PP2224B",2019-12-01,1189.63
"PP2272B",2019-12-01,1878.12
"AC1160T",2020-01-01,4057.54
"AC1161T",2020-01-01,1549.89
"AC1163T",2020-01-01,6193.92
"AC1201B",2020-01-01,4004.41
"AC1202B",2020-01-01,1576.24
"AC1203B",2020-01-01,1302.19
"AC1204B",2020-01-01,757.14
"AC3104B",2020-01-01,7620.4
"AC3105B",2020-01-01,977.46
"AC3106B",2020-01-01,462.24
"AC3107B",2020-01-01,263.54
"AC3191B",2020-01-01,336.89
"AC3192B",2020-01-01,13589.33
"AC3193B",2020-01-01,29661.43
"ACCS009",2020-01-01,3.33
"AR00004",2020-01-01,0
"AR00067",2020-01-01,401.36
"AR00068",2020-01-01,88.26
"AR00069",2020-01-01,45.82
"ART0082",2020-01-01,71.46
"BOXDT",2020-01-01,1794.94
"BOXH",2020-01-01,271.76
"BOXSER",2020-01-01,32.13
"BOXSIL",2020-01-01,141.03
"BOXVIT",2020-01-01,84.85
"BOXVP",2020-01-01,2361.31
"BT4001G",2020-01-01,1595.64
"CA1147",2020-01-01,3573.89
"CA1148V",2020-01-01,19371.32
"CA1159A",2020-01-01,259314.77
"CA1160A",2020-01-01,64065.63
"CA1161V",2020-01-01,6568.18
"CA1162V",2020-01-01,2910.29
"CA1163B",2020-01-01,4934.28
"CA1165A",2020-01-01,43777.67
"CA1166V",2020-01-01,7362.29
"CA1167V",2020-01-01,17553.12
"CA1201A",2020-01-01,37316.97
"CA1202A",2020-01-01,105523.44
"CA1301A",2020-01-01,227275.95
"CA1302A",2020-01-01,248260.76
"CA1303A",2020-01-01,126006.71
"CERCHOC",2020-01-01,21701.79
"CERFRUI",2020-01-01,7016.4
"CERNATU",2020-01-01,4486
"GLPSO",2020-01-01,82.01
"GOOM002",2020-01-01,12.63
"GOOM003",2020-01-01,0
"GOOM005",2020-01-01,15.15
"MUGDIE",2020-01-01,0
"NEW1",2020-01-01,230.88
"PP2216",2020-01-01,431.1
"PP2217B",2020-01-01,2510.82
"PP2218B",2020-01-01,1971.67
"PP2224B",2020-01-01,1996.64
"PP2272B",2020-01-01,3108.88
"AC1160T",2020-02-01,2977.74
"AC1161T",2020-02-01,2067.03
"AC1163T",2020-02-01,5393.56
"AC1201B",2020-02-01,4812.37
"AC1202B",2020-02-01,1681.79
"AC1203B",2020-02-01,1566.96
"AC1204B",2020-02-01,1258.91
"AC3104B",2020-02-01,9450.14
"AC3105B",2020-02-01,1164.31
"AC3106B",2020-02-01,604.96
"AC3107B",2020-02-01,301.32
"AC3191B",2020-02-01,490.6
"AC3192B",2020-02-01,14258.22
"AC3193B",2020-02-01,32070.96
"ACCS009",2020-02-01,6.54
"AR00004",2020-02-01,11.85
"AR00067",2020-02-01,444.62
"AR00068",2020-02-01,74.89
"AR00069",2020-02-01,64.06
"ART0082",2020-02-01,51.76
"BOXDIG",2020-02-01,87.84
"BOXDT",2020-02-01,495.04
"BOXFP",2020-02-01,108.06
"BOXH",2020-02-01,196.21
"BOXHAR",2020-02-01,45.81
"BOXSER",2020-02-01,66.27
"BOXV",2020-02-01,148.44
"BOXVIT",2020-02-01,201.09
"BOXVP",2020-02-01,1487.61
"BT4001G",2020-02-01,1659.29
"CA1147",2020-02-01,3621.48
"CA1148V",2020-02-01,21267.7
"CA1159A",2020-02-01,279976.41
"CA1160A",2020-02-01,67518.46
"CA1161V",2020-02-01,5960.15
"CA1162V",2020-02-01,3550.79
"CA1163B",2020-02-01,4924.81
"CA1165A",2020-02-01,49255.53
"CA1166V",2020-02-01,8570.72
"CA1167V",2020-02-01,18648.24
"CA1201A",2020-02-01,63107.21
"CA1202A",2020-02-01,112321.3
"CA1301A",2020-02-01,192227.54
"CA1302A",2020-02-01,266219.14
"CA1303A",2020-02-01,166466.67
"CERCHOC",2020-02-01,23956.78
"CERFRUI",2020-02-01,7358.32
"CERNATU",2020-02-01,5026.17
"GLPSO",2020-02-01,46.84
"GOOM002",2020-02-01,13.75
"GOOM003",2020-02-01,26.46
"GOOM004",2020-02-01,0
"GOOM005",2020-02-01,10.08
"GOOS001",2020-02-01,0
"NEW1",2020-02-01,492.7
"PP2216",2020-02-01,561.46
"PP2217B",2020-02-01,2605
"PP2218B",2020-02-01,2055.14
"PP2224B",2020-02-01,2062.66
"PP2272B",2020-02-01,2924.49
"AC1160T",2020-03-01,2124.17
"AC1161T",2020-03-01,1414.08
"AC1163T",2020-03-01,4685.05
"AC1201B",2020-03-01,4839.45
"AC1202B",2020-03-01,1305.76
"AC1203B",2020-03-01,1428.23
"AC1204B",2020-03-01,742.52
"AC3104B",2020-03-01,7955.28
"AC3105B",2020-03-01,1304.42
"AC3106B",2020-03-01,462.25
"AC3107B",2020-03-01,521.23
"AC3191B",2020-03-01,341.61
"AC3192B",2020-03-01,15430.84
"AC3193B",2020-03-01,32232.12
"ACCS009",2020-03-01,8.43
"AR00067",2020-03-01,251.7
"AR00068",2020-03-01,42.82
"AR00069",2020-03-01,32.5
"ART0082",2020-03-01,20.68
"BOXDT",2020-03-01,487.12
"BOXESC",2020-03-01,52.04
"BOXFS",2020-03-01,95.4
"BOXH",2020-03-01,196.2
"BOXSER",2020-03-01,74.7
"BOXVIT",2020-03-01,242.62
"BOXVP",2020-03-01,854.43
"BT4001G",2020-03-01,1515.11
"CA1147",2020-03-01,3548.88
"CA1148V",2020-03-01,19703.01
"CA1159A",2020-03-01,342601.51
"CA1160A",2020-03-01,53619.43
"CA1161V",2020-03-01,5067.23
"CA1162V",2020-03-01,3449.92
"CA1163B",2020-03-01,3682.81
"CA1165A",2020-03-01,51713.99
"CA1166V",2020-03-01,8693.4
"CA1167V",2020-03-01,13680.65
"CA1201A",2020-03-01,71104.79
"CA1202A",2020-03-01,170585.6
"CA1301A",2020-03-01,165802.13
"CA1302A",2020-03-01,345694.55
"CA1303A",2020-03-01,189782.99
"CERCHOC",2020-03-01,25824.46
"CERFRUI",2020-03-01,8470.16
"CERNATU",2020-03-01,6225.87
"GLPSO",2020-03-01,35.92
"GOOM002",2020-03-01,10.26
"GOOM003",2020-03-01,6
"GOOM005",2020-03-01,5.08
"NEW1",2020-03-01,466.38
"PP2216",2020-03-01,424.86
"PP2217B",2020-03-01,1969.04
"PP2218B",2020-03-01,1476.66
"PP2224B",2020-03-01,1511.27
"PP2272B",2020-03-01,2262.12
"AC1160T",2020-04-01,1340.68
"AC1161T",2020-04-01,878.87
"AC1163T",2020-04-01,2807.33
"AC1201B",2020-04-01,2400.36
"AC1202B",2020-04-01,736.14
"AC1203B",2020-04-01,609.69
"AC1204B",2020-04-01,288.1
"AC3104B",2020-04-01,2305.08
"AC3105B",2020-04-01,1355.79
"AC3106B",2020-04-01,507.71
"AC3107B",2020-04-01,180.53
"AC3191B",2020-04-01,69.71
"AC3192B",2020-04-01,7675.76
"AC3193B",2020-04-01,15704.07
"ACCS009",2020-04-01,0
"AR00067",2020-04-01,16.31
"AR00068",2020-04-01,7.83
"AR00069",2020-04-01,0
"ART0082",2020-04-01,0.25
"BOXDT",2020-04-01,1314.87
"BOXSER",2020-04-01,32.13
"BOXSIL",2020-04-01,256.58
"BOXVP",2020-04-01,1069.85
"BT4001G",2020-04-01,978.15
"CA1147",2020-04-01,1332.74
"CA1148V",2020-04-01,8025.7
"CA1159A",2020-04-01,188664.9
"CA1160A",2020-04-01,24432.72
"CA1161V",2020-04-01,2659.6
"CA1162V",2020-04-01,1954.39
"CA1163B",2020-04-01,2537.25
"CA1165A",2020-04-01,35623.81
"CA1166V",2020-04-01,3343.5
"CA1167V",2020-04-01,7869.63
"CA1201A",2020-04-01,20309.43
"CA1202A",2020-04-01,115722.94
"CA1301A",2020-04-01,68230.71
"CA1302A",2020-04-01,226560.36
"CA1303A",2020-04-01,97095.41
"CERCHOC",2020-04-01,16221.63
"CERFRUI",2020-04-01,4987.36
"CERNATU",2020-04-01,3465.07
"FT5",2020-04-01,286.86
"GLPSO",2020-04-01,15.53
"GOOM002",2020-04-01,2.5
"GOOM003",2020-04-01,0
"GOOM005",2020-04-01,2.54
"NEW1",2020-04-01,344.8
"PP2216",2020-04-01,132.55
"PP2217B",2020-04-01,778.95
"PP2218B",2020-04-01,646
"PP2224B",2020-04-01,739.5
"PP2272B",2020-04-01,1021.85
"AC1160T",2020-05-01,2183.67
"AC1161T",2020-05-01,2695.02
"AC1163T",2020-05-01,4700.13
"AC1201B",2020-05-01,3320.68
"AC1202B",2020-05-01,1120.88
"AC1203B",2020-05-01,1190.09
"AC1204B",2020-05-01,794.46
"AC3104B",2020-05-01,4969.32
"AC3105B",2020-05-01,1184.61
"AC3106B",2020-05-01,469.33
"AC3107B",2020-05-01,367.04
"AC3191B",2020-05-01,159.15
"AC3192B",2020-05-01,11087.48
"AC3193B",2020-05-01,21580.78
"ACCS009",2020-05-01,9.4
"AR00067",2020-05-01,288.74
"AR00068",2020-05-01,34.12
"AR00069",2020-05-01,18.18
"ART0082",2020-05-01,51.6
"BOXDIG",2020-05-01,89.28
"BOXDT",2020-05-01,1405.29
"BOXH",2020-05-01,195.4
"BOXSER",2020-05-01,89.97
"BOXSIL",2020-05-01,277.08
"BOXV",2020-05-01,75.82
"BOXVIT",2020-05-01,103.92
"BOXVP",2020-05-01,2884.62
"BT4001G",2020-05-01,2620.87
"CA1147",2020-05-01,3211.74
"CA1148V",2020-05-01,12812.51
"CA1159A",2020-05-01,215371.26
"CA1160A",2020-05-01,45786.04
"CA1161V",2020-05-01,5385.82
"CA1162V",2020-05-01,3344.91
"CA1163B",2020-05-01,3916.53
"CA1165A",2020-05-01,38755.74
"CA1166V",2020-05-01,3926.82
"CA1167V",2020-05-01,13655.43
"CA1201A",2020-05-01,23952.59
"CA1202A",2020-05-01,101450.57
"CA1301A",2020-05-01,189655.65
"CA1302A",2020-05-01,195595.98
"CA1303A",2020-05-01,90020.48
"CERCHOC",2020-05-01,20419.69
"CERFRUI",2020-05-01,6282.78
"CERNATU",2020-05-01,3657.56
"FT5",2020-05-01,53.79
"GLPSO",2020-05-01,6.26
"GOOM002",2020-05-01,15.67
"GOOM003",2020-05-01,6
"GOOM004",2020-05-01,25.02
"GOOM005",2020-05-01,7.62
"GOOS001",2020-05-01,0.83
"LIVREC",2020-05-01,6.24
"NEW1",2020-05-01,150.27
"PP2216",2020-05-01,345.32
"PP2217B",2020-05-01,1663.42
"PP2218B",2020-05-01,1233.28
"PP2224B",2020-05-01,1335.97
"PP2272B",2020-05-01,1894.52
"AC1160T",2020-06-01,3262.98
"AC1161T",2020-06-01,5037.55
"AC1163T",2020-06-01,5051.61
"AC1201B",2020-06-01,4675.86
"AC1202B",2020-06-01,1291.9
"AC1203B",2020-06-01,1340.68
"AC1204B",2020-06-01,926.9
"AC3104B",2020-06-01,7253.28
"AC3105B",2020-06-01,1412.41
"AC3106B",2020-06-01,595.49
"AC3107B",2020-06-01,470.18
"AC3191B",2020-06-01,223.88
"AC3192B",2020-06-01,15850.48
"AC3193B",2020-06-01,31471.92
"ACCS009",2020-06-01,15.39
"AR00067",2020-06-01,480.7
"AR00068",2020-06-01,82.79
"AR00069",2020-06-01,69.45
"ART0082",2020-06-01,73.32
"BOXDIG",2020-06-01,43.1
"BOXDT",2020-06-01,1094.5
"BOXH",2020-06-01,482.1
"BOXHAR",2020-06-01,122.34
"BOXSER",2020-06-01,132.13
"BOXSIL",2020-06-01,789.97
"BOXV",2020-06-01,704.19
"BOXVIT",2020-06-01,346.92
"BOXVP",2020-06-01,2461.94
"BT4001G",2020-06-01,3418.88
"CA1147",2020-06-01,3626.36
"CA1148V",2020-06-01,22851.46
"CA1159A",2020-06-01,353261.09
"CA1160A",2020-06-01,75102.25
"CA1161V",2020-06-01,8062.81
"CA1162V",2020-06-01,5718.27
"CA1163B",2020-06-01,5413.34
"CA1165A",2020-06-01,56165.5
"CA1166V",2020-06-01,8544.93
"CA1167V",2020-06-01,21188.62
"CA1201A",2020-06-01,76316.96
"CA1202A",2020-06-01,134269.18
"CA1301A",2020-06-01,281503.19
"CA1302A",2020-06-01,310574.08
"CA1303A",2020-06-01,164448.41
"CERCHOC",2020-06-01,28405.02
"CERFRUI",2020-06-01,8669.17
"CERNATU",2020-06-01,5609.83
"GLPSO",2020-06-01,6.26
"GOOM002",2020-06-01,17.39
"GOOM003",2020-06-01,27
"GOOM004",2020-06-01,0
"GOOM005",2020-06-01,41.43
"GOOS001",2020-06-01,1.66
"NEW1",2020-06-01,247
"PP2216",2020-06-01,466.95
"PP2217B",2020-06-01,2867.78
"PP2218B",2020-06-01,1844.47
"PP2224B",2020-06-01,2077.77
"PP2272B",2020-06-01,2761.52
"SPRAF",2020-06-01,9.95
"AC1160T",2020-07-01,2627.4
"AC1161T",2020-07-01,4072.78
"AC1163T",2020-07-01,4890.98
"AC1201B",2020-07-01,4184.4
"AC1202B",2020-07-01,1372.38
"AC1203B",2020-07-01,1182.75
"AC1204B",2020-07-01,730.88
"AC3104B",2020-07-01,8420.55
"AC3105B",2020-07-01,1316.38
"AC3106B",2020-07-01,397.53
"AC3107B",2020-07-01,368.45
"AC3191B",2020-07-01,260.18
"AC3192B",2020-07-01,15079.71
"AC3193B",2020-07-01,30425.91
"ACCS009",2020-07-01,0
"AR00067",2020-07-01,397.4
"AR00068",2020-07-01,42.1
"AR00069",2020-07-01,43.1
"ART0082",2020-07-01,56.57
"BOXDT",2020-07-01,708.83
"BOXH",2020-07-01,0
"BOXHAR",2020-07-01,87.48
"BOXSER",2020-07-01,58.41
"BOXSIL",2020-07-01,117.95
"BOXV",2020-07-01,4456.75
"BOXVIT",2020-07-01,150.68
"BOXVP",2020-07-01,1832.8
"BT4001G",2020-07-01,3285.31
"CA1147",2020-07-01,3213.05
"CA1148V",2020-07-01,41107.9
"CA1159A",2020-07-01,385824.64
"CA1160A",2020-07-01,105970.33
"CA1161V",2020-07-01,6615.93
"CA1162V",2020-07-01,5216.29
"CA1163B",2020-07-01,4951.68
"CA1165A",2020-07-01,61863.09
"CA1166V",2020-07-01,6892.8
"CA1167V",2020-07-01,20894.65
"CA1201A",2020-07-01,79220.73
"CA1202A",2020-07-01,155340.31
"CA1301A",2020-07-01,209937.06
"CA1302A",2020-07-01,384170.4
"CA1303A",2020-07-01,287346.98
"CERCHOC",2020-07-01,29002.88
"CERFRUI",2020-07-01,8805.77
"CERNATU",2020-07-01,5920.79
"GLPSO",2020-07-01,18.36
"GOOM002",2020-07-01,6.38
"GOOM003",2020-07-01,5
"GOOM004",2020-07-01,0
"GOOM005",2020-07-01,15.88
"GOOM006",2020-07-01,0
"GOOS001",2020-07-01,0
"NEW1",2020-07-01,231
"PP2216",2020-07-01,514.29
"PP2217B",2020-07-01,2313.33
"PP2218B",2020-07-01,1492.91
"PP2224B",2020-07-01,1843.7
"PP2272B",2020-07-01,2277.72
"AC1160T",2020-08-01,1708.82
"AC1161T",2020-08-01,1861.89
"AC1163T",2020-08-01,2798.17
"AC1201B",2020-08-01,2128.17
"AC1202B",2020-08-01,775.08
"AC1203B",2020-08-01,551.59
"AC1204B",2020-08-01,442.84
"AC3104B",2020-08-01,4563.27
"AC3105B",2020-08-01,660.24
"AC3106B",2020-08-01,164.82
"AC3107B",2020-08-01,187.07
"AC3191B",2020-08-01,43.59
"AC3192B",2020-08-01,8200.53
"AC3193B",2020-08-01,16852.9
"ACCS009",2020-08-01,1.74
"AR00067",2020-08-01,233.01
"AR00068",2020-08-01,31.95
"AR00069",2020-08-01,20.8
"ART0082",2020-08-01,38.13
"BOXDIG",2020-08-01,40.18
"BOXDT",2020-08-01,262.05
"BOXH",2020-08-01,97.68
"BOXHAR",2020-08-01,127.86
"BOXV",2020-08-01,3022.01
"BOXVIT",2020-08-01,50.14
"BOXVP",2020-08-01,975.03
"BT4001G",2020-08-01,1592.39
"CA1147",2020-08-01,2135.64
"CA1148V",2020-08-01,24786.54
"CA1159A",2020-08-01,218323.29
"CA1160A",2020-08-01,57427.23
"CA1161V",2020-08-01,3997.78
"CA1162V",2020-08-01,2629.34
"CA1163B",2020-08-01,3021.15
"CA1165A",2020-08-01,36221.65
"CA1166V",2020-08-01,4149.88
"CA1167V",2020-08-01,10412.76
"CA1201A",2020-08-01,37956.09
"CA1202A",2020-08-01,101028.27
"CA1301A",2020-08-01,124437.87
"CA1302A",2020-08-01,223868.47
"CA1303A",2020-08-01,150987.82
"CERCHOC",2020-08-01,16885.3
"CERFRUI",2020-08-01,5237.53
"CERNATU",2020-08-01,3355.15
"GLPSO",2020-08-01,38.73
"GOOM002",2020-08-01,12.71
"GOOM003",2020-08-01,18
"GOOM005",2020-08-01,35.54
"GOOM006",2020-08-01,0
"NEW1",2020-08-01,282.16
"PP2216",2020-08-01,263.18
"PP2217B",2020-08-01,1169.62
"PP2218B",2020-08-01,817.02
"PP2224B",2020-08-01,801.55
"PP2272B",2020-08-01,1491.93
"AC1160T",2020-09-01,2817.66
"AC1161T",2020-09-01,2513.77
"AC1163T",2020-09-01,5095.92
"AC1201B",2020-09-01,4190.06
"AC1202B",2020-09-01,1240.42
"AC1203B",2020-09-01,1054.97
"AC1204B",2020-09-01,586.7
"AC3104B",2020-09-01,9710.91
"AC3105B",2020-09-01,1170.16
"AC3106B",2020-09-01,285.58
"AC3107B",2020-09-01,219.43
"AC3191B",2020-09-01,190.36
"AC3192B",2020-09-01,14872.53
"AC3193B",2020-09-01,29816.06
"ACCS009",2020-09-01,3.66
"AR00004",2020-09-01,2.37
"AR00067",2020-09-01,469.86
"AR00068",2020-09-01,62.6
"AR00069",2020-09-01,48.62
"ART0082",2020-09-01,79.5
"BOXDT",2020-09-01,2209.63
"BOXH",2020-09-01,294.29
"BOXSER",2020-09-01,104.07
"BOXSIL",2020-09-01,199.01
"BOXV",2020-09-01,511.77
"BOXVIT",2020-09-01,129.83
"BOXVP",2020-09-01,1600.26
"BT4001G",2020-09-01,2088.23
"CA1147",2020-09-01,5165.84
"CA1148V",2020-09-01,24647.87
"CA1159A",2020-09-01,315836.11
"CA1160A",2020-09-01,65451.98
"CA1161V",2020-09-01,6654.63
"CA1162V",2020-09-01,4553.68
"CA1163B",2020-09-01,5795.38
"CA1165A",2020-09-01,47696.56
"CA1166V",2020-09-01,8648.17
"CA1167V",2020-09-01,20732.52
"CA1201A",2020-09-01,51010.17
"CA1202A",2020-09-01,141357.49
"CA1301A",2020-09-01,240156.07
"CA1302A",2020-09-01,307633.71
"CA1303A",2020-09-01,148596.3
"CERCHOC",2020-09-01,24602.32
"CERFRUI",2020-09-01,7962.48
"CERNATU",2020-09-01,4458.03
"GLPSO",2020-09-01,30.19
"GOOM002",2020-09-01,7.5
"GOOM003",2020-09-01,6.12
"GOOM005",2020-09-01,47.92
"GOOS001",2020-09-01,0
"NEW1",2020-09-01,507.48
"PP2216",2020-09-01,542.08
"PP2217B",2020-09-01,2512.24
"PP2218B",2020-09-01,1815.65
"PP2224B",2020-09-01,2153.23
"PP2272B",2020-09-01,2887.7
"AC1160T",2020-10-01,3601.07
"AC1161T",2020-10-01,2418.81
"AC1163T",2020-10-01,6421.09
"AC1201B",2020-10-01,4973.4
"AC1202B",2020-10-01,2005.58
"AC1203B",2020-10-01,1647.17
"AC1204B",2020-10-01,653.65
"AC3104B",2020-10-01,9759.55
"AC3105B",2020-10-01,1381.5
"AC3106B",2020-10-01,461.89
"AC3107B",2020-10-01,355.66
"AC3191B",2020-10-01,452.59
"AC3192B",2020-10-01,18386.45
"AC3193B",2020-10-01,37224.24
"ACCS009",2020-10-01,3.62
"AR00067",2020-10-01,327.76
"AR00068",2020-10-01,61.57
"AR00069",2020-10-01,29.01
"ART0082",2020-10-01,54.61
"BOXDIG",2020-10-01,43.1
"BOXDT",2020-10-01,1115.57
"BOXESC",2020-10-01,52.8
"BOXH",2020-10-01,296.2
"BOXHAR",2020-10-01,44.86
"BOXSER",2020-10-01,189.39
"BOXSIL",2020-10-01,144.49
"BOXV",2020-10-01,332.87
"BOXVIT",2020-10-01,403.43
"BOXVP",2020-10-01,1742.33
"BT4001G",2020-10-01,1617.93
"CA1147",2020-10-01,3671.73
"CA1148V",2020-10-01,29109.29
"CA1159A",2020-10-01,414935.31
"CA1160A",2020-10-01,72601.94
"CA1161V",2020-10-01,7872.76
"CA1162V",2020-10-01,6058.79
"CA1163B",2020-10-01,6522.48
"CA1165A",2020-10-01,65165.17
"CA1166V",2020-10-01,14065
"CA1167V",2020-10-01,21114.45
"CA1201A",2020-10-01,81407.71
"CA1202A",2020-10-01,206238.02
"CA1301A",2020-10-01,202534.78
"CA1302A",2020-10-01,457431.47
"CA1303A",2020-10-01,222070.98
"CERCHOC",2020-10-01,30461.47
"CERFRUI",2020-10-01,10030.79
"CERNATU",2020-10-01,6421.3
"GLPSO",2020-10-01,62.73
"GOOM002",2020-10-01,6.96
"GOOM003",2020-10-01,0
"GOOM005",2020-10-01,11.26
"GOOS001",2020-10-01,0
"NEW1",2020-10-01,423.98
"PP2216",2020-10-01,523.62
"PP2217B",2020-10-01,3459.08
"PP2218B",2020-10-01,2274.71
"PP2224B",2020-10-01,2324.52
"PP2272B",2020-10-01,3981
"AC1160T",2020-11-01,1654.21
"AC1161T",2020-11-01,921.81
"AC1163T",2020-11-01,3350.89
"AC1201B",2020-11-01,2414.74
"AC1202B",2020-11-01,952.36
"AC1203B",2020-11-01,724.68
"AC1204B",2020-11-01,449.54
"AC3104B",2020-11-01,5586.38
"AC3105B",2020-11-01,1085.69
"AC3106B",2020-11-01,316.74
"AC3107B",2020-11-01,251.23
"AC3191B",2020-11-01,155.78
"AC3192B",2020-11-01,8788.06
"AC3193B",2020-11-01,18315.74
"ACCS009",2020-11-01,11.2
"AR00067",2020-11-01,99.67
"AR00068",2020-11-01,25.96
"AR00069",2020-11-01,29.91
"ART0082",2020-11-01,18.71
"BOXDT",2020-11-01,174.17
"BOXFP",2020-11-01,108.9
"BOXFS",2020-11-01,493.2
"BOXH",2020-11-01,465.21
"BOXHAR",2020-11-01,50.57
"BOXSER",2020-11-01,153.86
"BOXSIL",2020-11-01,66.33
"BOXV",2020-11-01,47.92
"BOXVIT",2020-11-01,51.04
"BOXVP",2020-11-01,1046.74
"BT4001G",2020-11-01,978.85
"CA1147",2020-11-01,1432.06
"CA1148V",2020-11-01,11710.86
"CA1159A",2020-11-01,180221.56
"CA1160A",2020-11-01,27535.42
"CA1161V",2020-11-01,3005.44
"CA1162V",2020-11-01,2247.46
"CA1163B",2020-11-01,3283.07
"CA1165A",2020-11-01,27526.6
"CA1166V",2020-11-01,6242.82
"CA1167V",2020-11-01,7059.58
"CA1201A",2020-11-01,25628.06
"CA1202A",2020-11-01,101216.1
"CA1301A",2020-11-01,85023.46
"CA1302A",2020-11-01,204482.87
"CA1303A",2020-11-01,98681.1
"CERCHOC",2020-11-01,13355.7
"CERFRUI",2020-11-01,4288.1
"CERNATU",2020-11-01,2509.16
"FT5",2020-11-01,8.34
"GLPSO",2020-11-01,2.48
"GOOM002",2020-11-01,5.36
"GOOM003",2020-11-01,1.69
"GOOM004",2020-11-01,0.41
"GOOM005",2020-11-01,8.79
"GOOM006",2020-11-01,0
"GOOS001",2020-11-01,0
"NEW1",2020-11-01,321.64
"PP2216",2020-11-01,170.6
"PP2217B",2020-11-01,1588.86
"PP2218B",2020-11-01,1134.53
"PP2224B",2020-11-01,949.07
"PP2272B",2020-11-01,1807.42
"SACTIS",2020-11-01,0
"AC1160T",2020-12-01,3076.93
"AC1161T",2020-12-01,1581.18
"AC1163T",2020-12-01,5075.45
"AC1201B",2020-12-01,3271.41
"AC1202B",2020-12-01,1451.05
"AC1203B",2020-12-01,1120.67
"AC1204B",2020-12-01,529.99
"AC3104B",2020-12-01,7643.95
"AC3105B",2020-12-01,1532
"AC3106B",2020-12-01,370.87
"AC3107B",2020-12-01,323.74
"AC3191B",2020-12-01,280.31
"AC3192B",2020-12-01,11150.66
"AC3193B",2020-12-01,25464.02
"ACCS009",2020-12-01,8.32
"AR00067",2020-12-01,157.9
"AR00068",2020-12-01,33.16
"AR00069",2020-12-01,35.97
"ART0082",2020-12-01,40.8
"BOXDIG",2020-12-01,43.1
"BOXDT",2020-12-01,352.76
"BOXESC",2020-12-01,17.04
"BOXESR",2020-12-01,3.79
"BOXFP",2020-12-01,28552.25
"BOXFS",2020-12-01,7608.79
"BOXH",2020-12-01,105.88
"BOXSER",2020-12-01,116.88
"BOXV",2020-12-01,72.82
"BOXVP",2020-12-01,627.24
"BT4001G",2020-12-01,1992.71
"CA1147",2020-12-01,1789.92
"CA1148V",2020-12-01,20160.07
"CA1159A",2020-12-01,273480.25
"CA1160A",2020-12-01,77306.96
"CA1161V",2020-12-01,37260.99
"CA1162V",2020-12-01,3890.07
"CA1163B",2020-12-01,5093.37
"CA1165A",2020-12-01,40660.03
"CA1166V",2020-12-01,6005.18
"CA1167V",2020-12-01,10651.39
"CA1201A",2020-12-01,27492.14
"CA1202A",2020-12-01,137646.63
"CA1301A",2020-12-01,106526.57
"CA1302A",2020-12-01,250657.69
"CA1303A",2020-12-01,345936.36
"CERCHOC",2020-12-01,19644.22
"CERFRUI",2020-12-01,6259.04
"CERNATU",2020-12-01,3614.77
"GLPSO",2020-12-01,16.08
"GOOM002",2020-12-01,3.75
"GOOM003",2020-12-01,24.33
"GOOM004",2020-12-01,0
"GOOM005",2020-12-01,2.54
"GOOM006",2020-12-01,0
"GOOS001",2020-12-01,1.08
"NEW1",2020-12-01,318.72
"PP2216",2020-12-01,367.75
"PP2217B",2020-12-01,2792.65
"PP2218B",2020-12-01,1788.66
"PP2224B",2020-12-01,1825.14
"PP2272B",2020-12-01,3657.44
"AC1160T",2021-01-01,3165.22
"AC1161T",2021-01-01,1958.07
"AC1163T",2021-01-01,6395.2
"AC1201B",2021-01-01,3865.1
"AC1202B",2021-01-01,1753.81
"AC1203B",2021-01-01,1614.24
"AC1204B",2021-01-01,693.83
"AC3104B",2021-01-01,8494.94
"AC3105B",2021-01-01,1305.81
"AC3106B",2021-01-01,394.22
"AC3107B",2021-01-01,319.79
"AC3191B",2021-01-01,282.99
"AC3192B",2021-01-01,13174.93
"AC3193B",2021-01-01,29973.65
"ACCS009",2021-01-01,3.32
"AR00004",2021-01-01,4.74
"AR00067",2021-01-01,392.76
"AR00068",2021-01-01,52.65
"AR00069",2021-01-01,31.79
"ART0082",2021-01-01,37.99
"BOXDT",2021-01-01,3680.76
"BOXESC",2021-01-01,25.56
"BOXH",2021-01-01,186.9
"BOXHAR",2021-01-01,44.5
"BOXSER",2021-01-01,65.79
"BOXV",2021-01-01,74.22
"BOXVIT",2021-01-01,100.28
"BOXVP",2021-01-01,1875.41
"BT4001G",2021-01-01,1594.55
"CA1147",2021-01-01,2690.1
"CA1148V",2021-01-01,20594.4
"CA1159A",2021-01-01,292214.23
"CA1160A",2021-01-01,52850.05
"CA1161V",2021-01-01,7233.54
"CA1162V",2021-01-01,4463.81
"CA1163B",2021-01-01,5275.62
"CA1165A",2021-01-01,42750.98
"CA1166V",2021-01-01,6350.28
"CA1167V",2021-01-01,16393.98
"CA1201A",2021-01-01,44048.37
"CA1202A",2021-01-01,119453.96
"CA1301A",2021-01-01,262614.47
"CA1302A",2021-01-01,267353.09
"CA1303A",2021-01-01,126921.73
"CERCHOC",2021-01-01,23866.46
"CERFRUI",2021-01-01,7451.97
"CERNATU",2021-01-01,5254.48
"GLPSO",2021-01-01,15.46
"GOOM002",2021-01-01,8.72
"GOOM003",2021-01-01,14.33
"GOOM004",2021-01-01,0
"GOOM005",2021-01-01,25.12
"GOOM006",2021-01-01,3.73
"GOOS001",2021-01-01,0
"LIVREC",2021-01-01,4.16
"NEW1",2021-01-01,185.68
"PP2216",2021-01-01,493.35
"PP2217B",2021-01-01,3515.43
"PP2218B",2021-01-01,2052.09
"PP2224B",2021-01-01,2489.16
"PP2272B",2021-01-01,3596.49
"AC1160T",2021-02-01,3499.76
"AC1161T",2021-02-01,2219.28
"AC1163T",2021-02-01,6284.36
"AC1201B",2021-02-01,5214.46
"AC1202B",2021-02-01,1809.42
"AC1203B",2021-02-01,1912.13
"AC1204B",2021-02-01,851
"AC3104B",2021-02-01,10170.06
"AC3105B",2021-02-01,2138.31
"AC3106B",2021-02-01,436.88
"AC3107B",2021-02-01,1085.22
"AC3191B",2021-02-01,580.86
"AC3192B",2021-02-01,14648.66
"AC3193B",2021-02-01,32821.42
"ACCS009",2021-02-01,6.22
"AR00067",2021-02-01,446.14
"AR00068",2021-02-01,86.18
"AR00069",2021-02-01,72.24
"ART0082",2021-02-01,64.14
"BOXDT",2021-02-01,616.98
"BOXESR",2021-02-01,22.55
"BOXH",2021-02-01,289.55
"BOXHAR",2021-02-01,46.72
"BOXSER",2021-02-01,69.48
"BOXSIL",2021-02-01,133.04
"BOXV",2021-02-01,74.41
"BOXVP",2021-02-01,2323.01
"BT4001G",2021-02-01,2435.36
"CA1147",2021-02-01,3104.5
"CA1148V",2021-02-01,22474.34
"CA1159A",2021-02-01,319030.04
"CA1160A",2021-02-01,55431.34
"CA1161V",2021-02-01,6574.01
"CA1162V",2021-02-01,4557.49
"CA1163B",2021-02-01,5616.55
"CA1165A",2021-02-01,45347.6
"CA1166V",2021-02-01,9566.75
"CA1167V",2021-02-01,15673.93
"CA1201A",2021-02-01,72087.65
"CA1202A",2021-02-01,127785.94
"CA1301A",2021-02-01,219970.58
"CA1302A",2021-02-01,310722.04
"CA1303A",2021-02-01,159102.17
"CERCHOC",2021-02-01,23975.73
"CERFRUI",2021-02-01,7636.55
"CERNATU",2021-02-01,4514.62
"GLPSO",2021-02-01,24.09
"GOBDIE",2021-02-01,0
"GOOM002",2021-02-01,5.34
"GOOM003",2021-02-01,12.2
"GOOM004",2021-02-01,0
"GOOM005",2021-02-01,60.05
"GOOM006",2021-02-01,0
"GOOS001",2021-02-01,1.08
"LIVREC",2021-02-01,2.08
"NEW1",2021-02-01,397.66
"PP2216",2021-02-01,643.65
"PP2217B",2021-02-01,4115.96
"PP2218B",2021-02-01,2491.82
"PP2224B",2021-02-01,1987.82
"PP2272B",2021-02-01,4035.57
"AC1160T",2021-03-01,3942.28
"AC1161T",2021-03-01,2925.76
"AC1163T",2021-03-01,7552.31
"AC1201B",2021-03-01,6188.26
"AC1202B",2021-03-01,1850.89
"AC1203B",2021-03-01,1590.11
"AC1204B",2021-03-01,1069.2
"AC3104B",2021-03-01,12364.21
"AC3105B",2021-03-01,2926.69
"AC3106B",2021-03-01,894.75
"AC3107B",2021-03-01,727.75
"AC3191B",2021-03-01,667.58
"AC3192B",2021-03-01,19660.05
"AC3193B",2021-03-01,40786.77
"ACCS009",2021-03-01,3.72
"AR00004",2021-03-01,0
"AR00067",2021-03-01,723.02
"AR00068",2021-03-01,85.57
"AR00069",2021-03-01,86.75
"ART0082",2021-03-01,109.45
"BOXDIG",2021-03-01,131.51
"BOXDT",2021-03-01,1655.65
"BOXESR",2021-03-01,40.18
"BOXH",2021-03-01,191.46
"BOXHAR",2021-03-01,101.55
"BOXSER",2021-03-01,98.57
"BOXSIL",2021-03-01,345.85
"BOXV",2021-03-01,75.07
"BOXVIT",2021-03-01,50.14
"BOXVP",2021-03-01,2078.7
"BT4001G",2021-03-01,2537.8
"CA1147",2021-03-01,3830.97
"CA1148V",2021-03-01,25632.88
"CA1159A",2021-03-01,392106.19
"CA1160A",2021-03-01,66531.65
"CA1161V",2021-03-01,7472.79
"CA1162V",2021-03-01,5327.34
"CA1163B",2021-03-01,6524.44
"CA1165A",2021-03-01,58681.85
"CA1166V",2021-03-01,10555.26
"CA1167V",2021-03-01,20328.02
"CA1201A",2021-03-01,76747.11
"CA1202A",2021-03-01,162266.14
"CA1301A",2021-03-01,275368.6
"CA1302A",2021-03-01,383679.98
"CA1303A",2021-03-01,193225.22
"CERCHOC",2021-03-01,29410.08
"CERFRUI",2021-03-01,9328.97
"CERNATU",2021-03-01,5605.48
"GLPSO",2021-03-01,12.42
"GOOM002",2021-03-01,12.33
"GOOM003",2021-03-01,6.62
"GOOM004",2021-03-01,0
"GOOM005",2021-03-01,150
"GOOM006",2021-03-01,0
"GOOS001",2021-03-01,1.95
"LIVREC",2021-03-01,6.24
"NEW1",2021-03-01,450.3
"PP2216",2021-03-01,708.68
"PP2217B",2021-03-01,4656.98
"PP2218B",2021-03-01,2642.16
"PP2224B",2021-03-01,2522.73
"PP2272B",2021-03-01,4803.3
"AC1160T",2021-04-01,3452.22
"AC1161T",2021-04-01,2803.42
"AC1163T",2021-04-01,6532.24
"AC1201B",2021-04-01,5825.15
"AC1202B",2021-04-01,1765.43
"AC1203B",2021-04-01,1531.53
"AC1204B",2021-04-01,1223.85
"AC3104B",2021-04-01,11095.32
"AC3105B",2021-04-01,3007.95
"AC3106B",2021-04-01,684.78
"AC3107B",2021-04-01,754.59
"AC3191B",2021-04-01,781.44
"AC3192B",2021-04-01,17906.99
"AC3193B",2021-04-01,38006.29
"ACCS009",2021-04-01,12.39
"AR00004",2021-04-01,0
"AR00067",2021-04-01,594.82
"AR00068",2021-04-01,121.59
"AR00069",2021-04-01,68.53
"ART0082",2021-04-01,77.83
"BOXDT",2021-04-01,1030.39
"BOXESR",2021-04-01,2.22
"BOXH",2021-04-01,388.73
"BOXHAR",2021-04-01,4.26
"BOXSER",2021-04-01,124.74
"BOXSIL",2021-04-01,88.75
"BOXVIT",2021-04-01,51.96
"BOXVP",2021-04-01,1640.43
"BT4001G",2021-04-01,3432.73
"CA1147",2021-04-01,2860.71
"CA1148V",2021-04-01,23519.99
"CA1159A",2021-04-01,379868.35
"CA1160A",2021-04-01,64776.01
"CA1161V",2021-04-01,8312.3
"CA1162V",2021-04-01,5940.55
"CA1163B",2021-04-01,5699.62
"CA1165A",2021-04-01,57564.73
"CA1166V",2021-04-01,8612.28
"CA1167V",2021-04-01,19224.39
"CA1201A",2021-04-01,72287.26
"CA1202A",2021-04-01,176089.77
"CA1301A",2021-04-01,234238.12
"CA1302A",2021-04-01,401156.48
"CA1303A",2021-04-01,203982.65
"CERCHOC",2021-04-01,27344.32
"CERFRUI",2021-04-01,8692.96
"CERNATU",2021-04-01,4778.65
"GLPSO",2021-04-01,24.09
"GOOM002",2021-04-01,9.16
"GOOM003",2021-04-01,5.83
"GOOM005",2021-04-01,305.08
"GOOM006",2021-04-01,0
"GOOS001",2021-04-01,0
"NEW1",2021-04-01,175.44
"PP2216",2021-04-01,478.45
"PP2217B",2021-04-01,4332.39
"PP2218B",2021-04-01,2582.93
"PP2224B",2021-04-01,2088.85
"PP2272B",2021-04-01,4493.69
"AC1160T",2021-05-01,2805.56
"AC1161T",2021-05-01,2253.28
"AC1163T",2021-05-01,6211.05
"AC1201B",2021-05-01,5731.6
"AC1202B",2021-05-01,1858.86
"AC1203B",2021-05-01,1517.39
"AC1204B",2021-05-01,1140.23
"AC3104B",2021-05-01,11127.99
"AC3105B",2021-05-01,2591.39
"AC3106B",2021-05-01,665.81
"AC3107B",2021-05-01,757.06
"AC3191B",2021-05-01,638.89
"AC3192B",2021-05-01,16323
"AC3193B",2021-05-01,33416.91
"ACCS009",2021-05-01,3.72
"AR00004",2021-05-01,0
"AR00067",2021-05-01,513.32
"AR00068",2021-05-01,67.52
"AR00069",2021-05-01,58.72
"ART0082",2021-05-01,49.47
"BOXDIG",2021-05-01,43.13
"BOXDT",2021-05-01,1050.31
"BOXESC",2021-05-01,8.52
"BOXESN",2021-05-01,2.13
"BOXH",2021-05-01,752.85
"BOXHAR",2021-05-01,9.94
"BOXSER",2021-05-01,133.74
"BOXSIL",2021-05-01,164.19
"BOXV",2021-05-01,405.58
"BOXVIT",2021-05-01,51.96
"BOXVP",2021-05-01,1739.72
"BT4001G",2021-05-01,3352.51
"CA1147",2021-05-01,3182.67
"CA1148V",2021-05-01,21276.2
"CA1159A",2021-05-01,353159.35
"CA1160A",2021-05-01,76279.95
"CA1161V",2021-05-01,7311.91
"CA1162V",2021-05-01,4432.24
"CA1163B",2021-05-01,4974.14
"CA1165A",2021-05-01,54737.48
"CA1166V",2021-05-01,7275.88
"CA1167V",2021-05-01,15207.77
"CA1201A",2021-05-01,61875.49
"CA1202A",2021-05-01,170305.54
"CA1301A",2021-05-01,225614.08
"CA1302A",2021-05-01,363336.81
"CA1303A",2021-05-01,190729.65
"CERCHOC",2021-05-01,26218.16
"CERFRUI",2021-05-01,7743.14
"CERNATU",2021-05-01,4761.96
"GLPSO",2021-05-01,42.72
"GOBDIE",2021-05-01,0
"GOOM002",2021-05-01,6.39
"GOOM003",2021-05-01,5.28
"GOOM005",2021-05-01,79.7
"GOOM006",2021-05-01,4.57
"GOOS001",2021-05-01,0
"NEW1",2021-05-01,216.38
"PP2216",2021-05-01,617.24
"PP2217B",2021-05-01,3712.14
"PP2218B",2021-05-01,2326.46
"PP2224B",2021-05-01,2008.02
"PP2272B",2021-05-01,4321.57
"AC1160T",2021-06-01,2407.49
"AC1161T",2021-06-01,5956.76
"AC1163T",2021-06-01,5935.62
"AC1201B",2021-06-01,5129.42
"AC1202B",2021-06-01,1972.24
"AC1203B",2021-06-01,1500.11
"AC1204B",2021-06-01,1193.42
"AC3104B",2021-06-01,12902.27
"AC3105B",2021-06-01,2909.59
"AC3106B",2021-06-01,875.61
"AC3107B",2021-06-01,647.68
"AC3191B",2021-06-01,570.27
"AC3192B",2021-06-01,16720.76
"AC3193B",2021-06-01,37626.78
"ACCS009",2021-06-01,1.65
"AR00067",2021-06-01,457.97
"AR00068",2021-06-01,72.55
"AR00069",2021-06-01,57.25
"ART0082",2021-06-01,66.13
"BOXDT",2021-06-01,1139.34
"BOXESC",2021-06-01,52.68
"BOXESN",2021-06-01,2.37
"BOXH",2021-06-01,306.63
"BOXHAR",2021-06-01,94.67
"BOXSER",2021-06-01,124.74
"BOXSIL",2021-06-01,88.75
"BOXV",2021-06-01,1198.09
"BOXVIT",2021-06-01,51.96
"BOXVP",2021-06-01,1683.9
"BT4001G",2021-06-01,3850.31
"CA1147",2021-06-01,3448.79
"CA1148V",2021-06-01,31947.3
"CA1159A",2021-06-01,392989.09
"CA1160A",2021-06-01,91719.83
"CA1161V",2021-06-01,8076.91
"CA1162V",2021-06-01,4968.77
"CA1163B",2021-06-01,5282.79
"CA1165A",2021-06-01,67202.76
"CA1166V",2021-06-01,8813.83
"CA1167V",2021-06-01,16093.11
"CA1201A",2021-06-01,74776.31
"CA1202A",2021-06-01,185099.31
"CA1301A",2021-06-01,258074.86
"CA1302A",2021-06-01,408002.48
"CA1303A",2021-06-01,235835.4
"CERCHOC",2021-06-01,27514.75
"CERFRUI",2021-06-01,7962.64
"CERNATU",2021-06-01,5254.25
"GLPSO",2021-06-01,36.58
"GOOM002",2021-06-01,8.75
"GOOM003",2021-06-01,6
"GOOM004",2021-06-01,0
"GOOM005",2021-06-01,39.97
"GOOM006",2021-06-01,0
"GOOS001",2021-06-01,0.83
"NEW1",2021-06-01,333.06
"PP2216",2021-06-01,660.67
"PP2217B",2021-06-01,3729.41
"PP2218B",2021-06-01,2129.66
"PP2224B",2021-06-01,2083.13
"PP2272B",2021-06-01,4041.53
"AC1160T",2021-07-01,1947.2
"AC1161T",2021-07-01,3110.69
"AC1163T",2021-07-01,4885.75
"AC1201B",2021-07-01,4125.82
"AC1202B",2021-07-01,1767.14
"AC1203B",2021-07-01,1375.76
"AC1204B",2021-07-01,1145.02
"AC3104B",2021-07-01,10309.36
"AC3105B",2021-07-01,2730.88
"AC3106B",2021-07-01,750.44
"AC3107B",2021-07-01,544.32
"AC3191B",2021-07-01,371.55
"AC3192B",2021-07-01,15059.19
"AC3193B",2021-07-01,34422.29
"ACCS009",2021-07-01,1.65
"AR00067",2021-07-01,315.73
"AR00068",2021-07-01,69.87
"AR00069",2021-07-01,59.16
"ART0082",2021-07-01,24.48
"BOXDIG",2021-07-01,44.64
"BOXDT",2021-07-01,860.57
"BOXESN",2021-07-01,2.37
"BOXH",2021-07-01,383.81
"BOXHAR",2021-07-01,90.78
"BOXSER",2021-07-01,96.39
"BOXSIL",2021-07-01,71.42
"BOXV",2021-07-01,8591.93
"BOXVIT",2021-07-01,201.73
"BOXVP",2021-07-01,1967.09
"BT4001G",2021-07-01,2840.25
"CA1147",2021-07-01,3150.92
"CA1148V",2021-07-01,42678.89
"CA1159A",2021-07-01,393867.91
"CA1160A",2021-07-01,126099.93
"CA1161V",2021-07-01,8199.94
"CA1162V",2021-07-01,5270.08
"CA1163B",2021-07-01,4554.11
"CA1165A",2021-07-01,69303.5
"CA1166V",2021-07-01,7401.91
"CA1167V",2021-07-01,14666.68
"CA1201A",2021-07-01,65242.46
"CA1202A",2021-07-01,205754.21
"CA1301A",2021-07-01,181426.26
"CA1302A",2021-07-01,437100.61
"CA1303A",2021-07-01,369805.31
"CERCHOC",2021-07-01,25999.86
"CERFRUI",2021-07-01,7139.28
"CERNATU",2021-07-01,4949.8
"FT5",2021-07-01,4.17
"GLPSO",2021-07-01,24.84
"GOBDIE",2021-07-01,1.25
"GOOM002",2021-07-01,3.83
"GOOM003",2021-07-01,6
"GOOM005",2021-07-01,105.46
"GOOM006",2021-07-01,0
"GOOM007",2021-07-01,0
"GOOS001",2021-07-01,0
"NEW1",2021-07-01,86.26
"PP2216",2021-07-01,398.15
"PP2217B",2021-07-01,2830.56
"PP2218B",2021-07-01,1822.59
"PP2224B",2021-07-01,1374.52
"PP2272B",2021-07-01,3328.56
"AC1160T",2021-08-01,1358.36
"AC1161T",2021-08-01,1228.13
"AC1163T",2021-08-01,3207.89
"AC1201B",2021-08-01,2411.11
"AC1202B",2021-08-01,1016.71
"AC1203B",2021-08-01,686.73
"AC1204B",2021-08-01,472.6
"AC3104B",2021-08-01,6575.13
"AC3105B",2021-08-01,1928.28
"AC3106B",2021-08-01,831.05
"AC3107B",2021-08-01,413.32
"AC3191B",2021-08-01,181.29
"AC3192B",2021-08-01,8832.3
"AC3193B",2021-08-01,20014.5
"ACCS009",2021-08-01,0
"AR00067",2021-08-01,217.66
"AR00068",2021-08-01,25.94
"AR00069",2021-08-01,30.37
"ART0082",2021-08-01,26.48
"BOXDT",2021-08-01,346.24
"BOXESC",2021-08-01,8.52
"BOXFS",2021-08-01,89.73
"BOXH",2021-08-01,215.08
"BOXHAR",2021-08-01,49.56
"BOXSER",2021-08-01,30.52
"BOXSIL",2021-08-01,177.5
"BOXV",2021-08-01,2573.16
"BOXVIT",2021-08-01,105.04
"BOXVP",2021-08-01,890.78
"BT4001G",2021-08-01,1686.87
"CA1147",2021-08-01,1629.26
"CA1148V",2021-08-01,21249.28
"CA1159A",2021-08-01,220282.57
"CA1160A",2021-08-01,62708.8
"CA1161V",2021-08-01,5326.59
"CA1162V",2021-08-01,2442.33
"CA1163B",2021-08-01,3301.68
"CA1165A",2021-08-01,37953.73
"CA1166V",2021-08-01,4965.45
"CA1167V",2021-08-01,8324.18
"CA1201A",2021-08-01,30028.73
"CA1202A",2021-08-01,108140.68
"CA1301A",2021-08-01,136335.92
"CA1302A",2021-08-01,235788.06
"CA1303A",2021-08-01,170069
"CERCHOC",2021-08-01,14144.33
"CERFRUI",2021-08-01,4307.06
"CERNATU",2021-08-01,2623.37
"GLPSO",2021-08-01,24.84
"GOOM002",2021-08-01,2.18
"GOOM003",2021-08-01,6
"GOOM005",2021-08-01,150
"GOOM006",2021-08-01,0
"GOOS001",2021-08-01,0
"NEW1",2021-08-01,34.36
"PP2216",2021-08-01,345.13
"PP2217B",2021-08-01,1685.92
"PP2218B",2021-08-01,953.41
"PP2224B",2021-08-01,830.86
"PP2272B",2021-08-01,2076.05
"AC1160T",2021-09-01,2281.13
"AC1161T",2021-09-01,2139.55
"AC1163T",2021-09-01,5281.2
"AC1201B",2021-09-01,3883.71
"AC1202B",2021-09-01,1654.01
"AC1203B",2021-09-01,1280.24
"AC1204B",2021-09-01,895.82
"AC3104B",2021-09-01,11207.49
"AC3105B",2021-09-01,2780.08
"AC3106B",2021-09-01,955.75
"AC3107B",2021-09-01,565.62
"AC3191B",2021-09-01,243.92
"AC3192B",2021-09-01,15548.83
"AC3193B",2021-09-01,31471.93
"ACCS009",2021-09-01,0
"AR00067",2021-09-01,450.25
"AR00068",2021-09-01,54.11
"AR00069",2021-09-01,52.6
"ART0082",2021-09-01,43.68
"BOXDT",2021-09-01,746.99
"BOXESN",2021-09-01,11.16
"BOXESR",2021-09-01,3.33
"BOXH",2021-09-01,572.97
"BOXHAR",2021-09-01,11.36
"BOXSER",2021-09-01,214.32
"BOXSIL",2021-09-01,177.5
"BOXV",2021-09-01,756.75
"BOXVIT",2021-09-01,163.26
"BOXVP",2021-09-01,1689.1
"BT4001G",2021-09-01,1506.51
"CA1147",2021-09-01,3505.18
"CA1148V",2021-09-01,24675.31
"CA1159A",2021-09-01,331797.94
"CA1160A",2021-09-01,75713.8
"CA1161V",2021-09-01,8346.81
"CA1162V",2021-09-01,4088.53
"CA1163B",2021-09-01,5702.79
"CA1165A",2021-09-01,52152.49
"CA1166V",2021-09-01,11244.87
"CA1167V",2021-09-01,16822.06
"CA1201A",2021-09-01,50948.32
"CA1202A",2021-09-01,152132.81
"CA1301A",2021-09-01,257217.32
"CA1302A",2021-09-01,338386.17
"CA1303A",2021-09-01,168724.98
"CERCHOC",2021-09-01,21761.82
"CERFRUI",2021-09-01,6411.34
"CERNATU",2021-09-01,4067.76
"GLPSO",2021-09-01,73.12
"GOOM002",2021-09-01,5.9
"GOOM003",2021-09-01,6
"GOOM005",2021-09-01,63
"GOOS001",2021-09-01,0
"LIVREC",2021-09-01,2.08
"NEW1",2021-09-01,43.86
"PP2216",2021-09-01,595.25
"PP2217B",2021-09-01,3615.08
"PP2218B",2021-09-01,2169.66
"PP2224B",2021-09-01,1835.1
"PP2272B",2021-09-01,3756.82
"AC1160T",2021-10-01,2940.78
"AC1161T",2021-10-01,1959.96
"AC1163T",2021-10-01,5731.47
"AC1201B",2021-10-01,3916.81
"AC1202B",2021-10-01,1918.11
"AC1203B",2021-10-01,1654.92
"AC1204B",2021-10-01,823.31
"AC3104B",2021-10-01,10996.36
"AC3105B",2021-10-01,2641.48
"AC3106B",2021-10-01,866.22
"AC3107B",2021-10-01,755.92
"AC3191B",2021-10-01,161.07
"AC3192B",2021-10-01,15434.57
"AC3193B",2021-10-01,31600.65
"ACCS009",2021-10-01,1.61
"AR00067",2021-10-01,423.03
"AR00068",2021-10-01,96.33
"AR00069",2021-10-01,59.16
"ART0082",2021-10-01,48.5
"BOXDIG",2021-10-01,134.66
"BOXDT",2021-10-01,985.93
"BOXESN",2021-10-01,90.41
"BOXESR",2021-10-01,58.77
"BOXH",2021-10-01,476.36
"BOXHAR",2021-10-01,49.12
"BOXSER",2021-10-01,440.02
"BOXV",2021-10-01,367.85
"BOXVIT",2021-10-01,406.09
"BOXVP",2021-10-01,1255.16
"BT4001G",2021-10-01,1309.84
"CA1147",2021-10-01,4209.34
"CA1148V",2021-10-01,26355.47
"CA1159A",2021-10-01,335487.57
"CA1160A",2021-10-01,76720.82
"CA1161V",2021-10-01,7268.37
"CA1162V",2021-10-01,4710.74
"CA1163B",2021-10-01,6124.65
"CA1165A",2021-10-01,54684.74
"CA1166V",2021-10-01,22873.56
"CA1167V",2021-10-01,19078.35
"CA1201A",2021-10-01,60693.81
"CA1202A",2021-10-01,163873.56
"CA1301A",2021-10-01,201838.71
"CA1302A",2021-10-01,369655.58
"CA1303A",2021-10-01,192562.03
"CERCHOC",2021-10-01,22992.8
"CERFRUI",2021-10-01,6212.41
"CERNATU",2021-10-01,3861.39
"GLPSO",2021-10-01,11.72
"GOBDIE",2021-10-01,0
"GOOM002",2021-10-01,11.6
"GOOM003",2021-10-01,12
"GOOM004",2021-10-01,0.89
"GOOM005",2021-10-01,160.02
"NEW1",2021-10-01,109.65
"PP2216",2021-10-01,629.02
"PP2217B",2021-10-01,3562.21
"PP2218B",2021-10-01,2109.29
"PP2224B",2021-10-01,1713.07
"PP2272B",2021-10-01,3967.29
"SACTIS",2021-10-01,0
"AC1160T",2021-11-01,2546.26
"AC1161T",2021-11-01,1533.67
"AC1163T",2021-11-01,6194.24
"AC1201B",2021-11-01,3795.75
"AC1202B",2021-11-01,1864.7
"AC1203B",2021-11-01,1468.36
"AC1204B",2021-11-01,819.52
"AC3104B",2021-11-01,9678.71
"AC3105B",2021-11-01,2086.74
"AC3106B",2021-11-01,667.86
"AC3107B",2021-11-01,411.37
"AC3191B",2021-11-01,202.24
"AC3192B",2021-11-01,13678.9
"AC3193B",2021-11-01,28041.01
"ACCS009",2021-11-01,0
"AR00067",2021-11-01,302.28
"AR00068",2021-11-01,58.38
"AR00069",2021-11-01,56.76
"ART0082",2021-11-01,46.99
"BOXDIG",2021-11-01,88.5
"BOXDT",2021-11-01,1220.85
"BOXFP",2021-11-01,1330.39
"BOXFS",2021-11-01,311.71
"BOXH",2021-11-01,481.78
"BOXHAR",2021-11-01,148.37
"BOXSER",2021-11-01,300.1
"BOXSIL",2021-11-01,233.19
"BOXV",2021-11-01,184.87
"BOXVIT",2021-11-01,51.96
"BOXVP",2021-11-01,2321.96
"BT4001G",2021-11-01,1275.82
"CA1147",2021-11-01,4199.97
"CA1148V",2021-11-01,21252.7
"CA1159A",2021-11-01,289947.16
"CA1160A",2021-11-01,70906.86
"CA1161V",2021-11-01,8813.48
"CA1162V",2021-11-01,3928.59
"CA1163B",2021-11-01,5329.88
"CA1165A",2021-11-01,47133.01
"CA1166V",2021-11-01,12946.25
"CA1167V",2021-11-01,16513.87
"CA1201A",2021-11-01,46445.06
"CA1202A",2021-11-01,154326.08
"CA1301A",2021-11-01,164034.12
"CA1302A",2021-11-01,325236.54
"CA1303A",2021-11-01,189015.65
"CERCHOC",2021-11-01,20593.12
"CERFRUI",2021-11-01,5863.49
"CERNATU",2021-11-01,3619.96
"GLPSO",2021-11-01,24.09
"GOBDIE",2021-11-01,0
"GOOM002",2021-11-01,5.2
"GOOM003",2021-11-01,13.95
"GOOM005",2021-11-01,107.58
"GOOM006",2021-11-01,0
"GOOS001",2021-11-01,0
"NEW1",2021-11-01,13.89
"PP2216",2021-11-01,539.77
"PP2217B",2021-11-01,3637.54
"PP2218B",2021-11-01,1664
"PP2224B",2021-11-01,1628.11
"PP2272B",2021-11-01,3712.86
"AC1160T",2021-12-01,1328.89
"AC1161T",2021-12-01,715.53
"AC1163T",2021-12-01,2836
"AC1201B",2021-12-01,1684.61
"AC1202B",2021-12-01,811.23
"AC1203B",2021-12-01,658.06
"AC1204B",2021-12-01,333.45
"AC3104B",2021-12-01,4409.63
"AC3105B",2021-12-01,923.4
"AC3106B",2021-12-01,310.63
"AC3107B",2021-12-01,444.2
"AC3191B",2021-12-01,122.54
"AC3192B",2021-12-01,6531.72
"AC3193B",2021-12-01,13874.86
"ACCS009",2021-12-01,0
"AR00067",2021-12-01,124.52
"AR00068",2021-12-01,18.97
"AR00069",2021-12-01,23.13
"ART0082",2021-12-01,16.68
"BOXDIG",2021-12-01,43.1
"BOXDT",2021-12-01,247.87
"BOXFP",2021-12-01,2779.81
"BOXFS",2021-12-01,953.78
"BOXH",2021-12-01,310.32
"BOXHAR",2021-12-01,2.84
"BOXSER",2021-12-01,61.52
"BOXSIL",2021-12-01,67.5
"BOXV",2021-12-01,212.13
"BOXVP",2021-12-01,721.77
"BT4001G",2021-12-01,528.48
"CA1147",2021-12-01,1914.79
"CA1148V",2021-12-01,9606.05
"CA1159A",2021-12-01,139976.41
"CA1160A",2021-12-01,41140.13
"CA1161V",2021-12-01,10123.54
"CA1162V",2021-12-01,1601.84
"CA1163B",2021-12-01,2317.79
"CA1165A",2021-12-01,21811.63
"CA1166V",2021-12-01,5042.97
"CA1167V",2021-12-01,7379.62
"CA1201A",2021-12-01,19844.87
"CA1202A",2021-12-01,75013.56
"CA1301A",2021-12-01,61445.17
"CA1302A",2021-12-01,151195.35
"CA1303A",2021-12-01,132535.3
"CERCHOC",2021-12-01,10771.4
"CERFRUI",2021-12-01,2790.84
"CERNATU",2021-12-01,1610.65
"FT5",2021-12-01,4.17
"GLPSO",2021-12-01,5.46
"GOOM002",2021-12-01,0
"GOOM003",2021-12-01,7.6
"GOOM004",2021-12-01,0.32
"GOOM005",2021-12-01,2.5
"NEW1",2021-12-01,35.82
"PP2216",2021-12-01,211
"PP2217B",2021-12-01,1830.19
"PP2218B",2021-12-01,842.13
"PP2224B",2021-12-01,709.44
"PP2272B",2021-12-01,1813.69
