"code_product","year_month_full","margin"
"CA1160A",2016-11-01,5.96875
"CA1165A",2016-11-01,19.14375
"CA1201A",2016-11-01,10.4415
"CA1202A",2016-11-01,23.3795
"CA1301A",2016-11-01,23.282
"CA1302A",2016-11-01,12.69275
"CA1165A",2016-12-01,19.14375
"CA1302A",2016-12-01,38.07825
"AC1201B",2017-01-01,2.1225
"AC3104B",2017-01-01,5.175
"AC3193B",2017-01-01,3.2175
"BT4001G",2017-01-01,19.41
"CA1148V",2017-01-01,6.9875
"CA1160A",2017-01-01,5.96875
"CA1201A",2017-01-01,10.4415
"CA1301A",2017-01-01,34.923
"CA1302A",2017-01-01,25.3855
"CA1303A",2017-01-01,43.494
"AC1201B",2017-02-01,0.94875
"AC3104B",2017-02-01,4.65
"AC3193B",2017-02-01,6.085
"CA1148V",2017-02-01,27.95
"CA1160A",2017-02-01,5.96875
"CA1163B",2017-02-01,4.8075
"CA1201A",2017-02-01,10.4415
"CA1302A",2017-02-01,38.07825
"CA1303A",2017-02-01,13.423
"AC1201B",2017-03-01,4.245
"AC1203B",2017-03-01,1.06125
"AC1204B",2017-03-01,-0.71
"AC3192B",2017-03-01,3.2175
"AC3193B",2017-03-01,3.2175
"CA1148V",2017-03-01,20.9625
"CA1160A",2017-03-01,5.96875
"CA1163B",2017-03-01,10.4775
"CA1165A",2017-03-01,12.1125
"CA1166V",2017-03-01,5.84125
"CA1167V",2017-03-01,10.75125
"CA1302A",2017-03-01,87.5055
"CA1303A",2017-03-01,14.498
"PP2217B",2017-03-01,1.97875
"PP2218B",2017-03-01,2.07875
"PP2224B",2017-03-01,2.02875
"AC1201B",2017-04-01,1.06125
"AC1203B",2017-04-01,2.2725
"AC3192B",2017-04-01,3.2175
"AC3193B",2017-04-01,6.435
"CA1148V",2017-04-01,27.95
"CA1163B",2017-04-01,5.23875
"CA1165A",2017-04-01,19.14375
"CA1302A",2017-04-01,77.3315
"PP2217B",2017-04-01,1.97875
"AC1203B",2017-05-01,2.1225
"AC3192B",2017-05-01,3.2175
"AC3193B",2017-05-01,3.2175
"CA1148V",2017-05-01,41.925
"CA1160A",2017-05-01,29.88125
"CA1163B",2017-05-01,5.23875
"CA1165A",2017-05-01,6.38125
"CA1166V",2017-05-01,5.84125
"CA1202A",2017-05-01,11.68975
"CA1301A",2017-05-01,58.23625
"CA1302A",2017-05-01,101.542
"AC1160T",2017-06-01,3.2525
"AC1201B",2017-06-01,3.5
"AC1203B",2017-06-01,1.06125
"AC1204B",2017-06-01,-0.71
"AC3192B",2017-06-01,6.435
"AC3193B",2017-06-01,19.32375
"BT4001G",2017-06-01,9.71125
"CA1148V",2017-06-01,76.925
"CA1160A",2017-06-01,17.9625
"CA1162V",2017-06-01,5.46625
"CA1165A",2017-06-01,38.3875
"CA1166V",2017-06-01,11.6825
"CA1201A",2017-06-01,20.933
"CA1202A",2017-06-01,35.06925
"CA1301A",2017-06-01,93.1405
"CA1302A",2017-06-01,203.284
"CA1303A",2017-06-01,14.51675
"PP2217B",2017-06-01,1.97875
"PP2224B",2017-06-01,4.0575
"AC1160T",2017-07-01,6.505
"AC1201B",2017-07-01,2.135
"AC3104B",2017-07-01,5.175
"AC3192B",2017-07-01,3.2175
"AC3193B",2017-07-01,16.09375
"CA1148V",2017-07-01,125.825
"CA1160A",2017-07-01,59.81875
"CA1163B",2017-07-01,10.4775
"CA1165A",2017-07-01,12.8125
"CA1166V",2017-07-01,5.84125
"CA1201A",2017-07-01,31.3745
"CA1202A",2017-07-01,81.1595
"CA1301A",2017-07-01,54.24875
"CA1302A",2017-07-01,341.15425
"CA1303A",2017-07-01,129.7445
"PP2272B",2017-07-01,2.02875
"AC1160T",2017-08-01,3.2525
"AC1201B",2017-08-01,4.5675
"AC1202B",2017-08-01,1.0675
"AC1203B",2017-08-01,2.12875
"AC3192B",2017-08-01,-2.52
"AC3193B",2017-08-01,21.70375
"CA1148V",2017-08-01,27.95
"CA1160A",2017-08-01,59.475
"CA1165A",2017-08-01,44.74375
"CA1166V",2017-08-01,5.84125
"CA1201A",2017-08-01,20.883
"CA1202A",2017-08-01,23.3795
"CA1301A",2017-08-01,58.22375
"CA1302A",2017-08-01,215.92675
"CA1303A",2017-08-01,283.36
"PP2217B",2017-08-01,2.1325
"PP2218B",2017-08-01,4.16375
"PP2272B",2017-08-01,4.0575
"AC1160T",2017-09-01,5.245
"AC1201B",2017-09-01,13.1075
"AC1202B",2017-09-01,2.4325
"AC1203B",2017-09-01,1.02875
"AC3104B",2017-09-01,25.9125
"AC3192B",2017-09-01,12.54375
"AC3193B",2017-09-01,47.15375
"CA1148V",2017-09-01,104.825
"CA1160A",2017-09-01,129.125
"CA1162V",2017-09-01,3.03
"CA1163B",2017-09-01,20.97375
"CA1165A",2017-09-01,37.625
"CA1166V",2017-09-01,11.7075
"CA1167V",2017-09-01,3.5325
"CA1201A",2017-09-01,83.607
"CA1202A",2017-09-01,92.84925
"CA1301A",2017-09-01,433.56225
"CA1302A",2017-09-01,453.339
"CA1303A",2017-09-01,188.5115
"PP2217B",2017-09-01,5.93625
"PP2224B",2017-09-01,3.38875
"AC1160T",2017-10-01,9.1225
"AC1161T",2017-10-01,3.2525
"AC1201B",2017-10-01,9.135
"AC1202B",2017-10-01,-3.85
"AC1203B",2017-10-01,-0.945
"AC1204B",2017-10-01,-1.32125
"AC3104B",2017-10-01,47.13125
"AC3192B",2017-10-01,31.5275
"AC3193B",2017-10-01,49.94125
"BT4001G",2017-10-01,8.38
"CA1148V",2017-10-01,116.5375
"CA1160A",2017-10-01,107.53125
"CA1161V",2017-10-01,5.62875
"CA1162V",2017-10-01,4.04
"CA1163B",2017-10-01,13.66875
"CA1165A",2017-10-01,77.80625
"CA1166V",2017-10-01,35.69625
"CA1201A",2017-10-01,207.8005
"CA1202A",2017-10-01,206.403
"CA1301A",2017-10-01,284.74375
"CA1302A",2017-10-01,702.792
"CA1303A",2017-10-01,212.295
"PP2217B",2017-10-01,1.13375
"PP2218B",2017-10-01,-3.18
"PP2224B",2017-10-01,1.8575
"PP2272B",2017-10-01,3.88625
"AC1160T",2017-11-01,11.6725
"AC1201B",2017-11-01,29.3125
"AC1202B",2017-11-01,2.2625
"AC1203B",2017-11-01,5.5575
"AC1204B",2017-11-01,2.255
"AC3104B",2017-11-01,23.75625
"AC3192B",2017-11-01,30.1125
"AC3193B",2017-11-01,102.50625
"BT4001G",2017-11-01,9.705
"CA1148V",2017-11-01,62.9625
"CA1160A",2017-11-01,191.875
"CA1161V",2017-11-01,15.21125
"CA1162V",2017-11-01,3.4525
"CA1163B",2017-11-01,5.2575
"CA1165A",2017-11-01,122.3
"CA1166V",2017-11-01,41.68625
"CA1167V",2017-11-01,70.5025
"CA1201A",2017-11-01,93.9735
"CA1202A",2017-11-01,314.34825
"CA1301A",2017-11-01,412.126
"CA1302A",2017-11-01,806.91525
"CA1303A",2017-11-01,509.151
"PP2217B",2017-11-01,11.38875
"PP2218B",2017-11-01,8.34
"PP2224B",2017-11-01,7.66875
"PP2272B",2017-11-01,5.93375
"AC1160T",2017-12-01,4.94875
"AC1161T",2017-12-01,1.9725
"AC1201B",2017-12-01,33.8625
"AC1202B",2017-12-01,0.95
"AC1203B",2017-12-01,2.46375
"AC1204B",2017-12-01,-0.71
"AC3104B",2017-12-01,18.43125
"AC3192B",2017-12-01,30.69625
"AC3193B",2017-12-01,118.61375
"BT4001G",2017-12-01,9.71125
"CA1148V",2017-12-01,82.4625
"CA1160A",2017-12-01,303.00625
"CA1161V",2017-12-01,97.38125
"CA1162V",2017-12-01,14.21625
"CA1163B",2017-12-01,27.32
"CA1165A",2017-12-01,202.23125
"CA1166V",2017-12-01,10.1925
"CA1167V",2017-12-01,28.555
"CA1201A",2017-12-01,81.18825
"CA1202A",2017-12-01,370.506
"CA1301A",2017-12-01,183.49975
"CA1302A",2017-12-01,1148.47775
"CA1303A",2017-12-01,1294.241
"PP2217B",2017-12-01,7.4975
"PP2218B",2017-12-01,7.63375
"PP2224B",2017-12-01,4.07
"PP2272B",2017-12-01,3.7275
"AC1160T",2018-01-01,38.5125
"AC1161T",2018-01-01,6.68875
"AC1201B",2018-01-01,32.98375
"AC1202B",2018-01-01,3.10625
"AC1203B",2018-01-01,6.04875
"AC1204B",2018-01-01,2.57625
"AC3104B",2018-01-01,101.5375
"AC3191B",2018-01-01,4.10625
"AC3192B",2018-01-01,72.04125
"AC3193B",2018-01-01,184.46625
"BT4001G",2018-01-01,29.68375
"CA1148V",2018-01-01,109.85625
"CA1159A",2018-01-01,66.275
"CA1160A",2018-01-01,316.8
"CA1161V",2018-01-01,29.985
"CA1162V",2018-01-01,36.7275
"CA1163B",2018-01-01,15.5125
"CA1165A",2018-01-01,384.4875
"CA1166V",2018-01-01,68.97125
"CA1167V",2018-01-01,74.29375
"CA1201A",2018-01-01,170.564
"CA1202A",2018-01-01,899.38525
"CA1301A",2018-01-01,816.8485
"CA1302A",2018-01-01,1780.2465
"CA1303A",2018-01-01,840.1715
"PP2217B",2018-01-01,13.50375
"PP2218B",2018-01-01,11.0325
"PP2224B",2018-01-01,18.78125
"PP2272B",2018-01-01,12.8675
"AC1160T",2018-02-01,23.50125
"AC1161T",2018-02-01,9.5075
"AC1201B",2018-02-01,44.71375
"AC1202B",2018-02-01,-0.56625
"AC1203B",2018-02-01,1.32625
"AC1204B",2018-02-01,1.775
"AC3104B",2018-02-01,36.4
"AC3192B",2018-02-01,74.72
"AC3193B",2018-02-01,164.54125
"CA1148V",2018-02-01,255.8125
"CA1159A",2018-02-01,121.175
"CA1160A",2018-02-01,406.9625
"CA1161V",2018-02-01,16.94875
"CA1162V",2018-02-01,11.375
"CA1163B",2018-02-01,19.425
"CA1165A",2018-02-01,340.8
"CA1166V",2018-02-01,54.03375
"CA1167V",2018-02-01,104.91875
"CA1201A",2018-02-01,326.34275
"CA1202A",2018-02-01,829.16775
"CA1301A",2018-02-01,659.15575
"CA1302A",2018-02-01,2054.35775
"CA1303A",2018-02-01,1066.33325
"PP2217B",2018-02-01,11.55625
"PP2218B",2018-02-01,17.00875
"PP2224B",2018-02-01,14.575
"PP2272B",2018-02-01,18.17
"AC1160T",2018-03-01,6.43625
"AC1161T",2018-03-01,4.445
"AC1201B",2018-03-01,24.34625
"AC1202B",2018-03-01,10.1225
"AC1203B",2018-03-01,4.3325
"AC1204B",2018-03-01,3.47375
"AC3104B",2018-03-01,58.06875
"AC3192B",2018-03-01,66.67625
"AC3193B",2018-03-01,159.6825
"BT4001G",2018-03-01,18.335
"CA1148V",2018-03-01,273.5
"CA1159A",2018-03-01,199.725
"CA1160A",2018-03-01,614.39375
"CA1161V",2018-03-01,16.94875
"CA1162V",2018-03-01,30.7025
"CA1163B",2018-03-01,63.63
"CA1165A",2018-03-01,512.29375
"CA1166V",2018-03-01,45.965
"CA1167V",2018-03-01,87.90375
"CA1201A",2018-03-01,267.08125
"CA1202A",2018-03-01,1178.38975
"CA1301A",2018-03-01,891.83825
"CA1302A",2018-03-01,2598.86375
"CA1303A",2018-03-01,1601.62375
"PP2217B",2018-03-01,25.2925
"PP2218B",2018-03-01,6.48
"PP2224B",2018-03-01,21.9375
"PP2272B",2018-03-01,20.6975
"AC1160T",2018-04-01,12.7725
"AC1161T",2018-04-01,12.8725
"AC1201B",2018-04-01,15.43125
"AC1202B",2018-04-01,3.27
"AC1204B",2018-04-01,3.70125
"AC3104B",2018-04-01,40.1375
"AC3192B",2018-04-01,59.21625
"AC3193B",2018-04-01,160.6875
"BT4001G",2018-04-01,28.365
"CA1148V",2018-04-01,262.94375
"CA1159A",2018-04-01,71.85
"CA1160A",2018-04-01,535.53125
"CA1161V",2018-04-01,6.185
"CA1162V",2018-04-01,32.94625
"CA1163B",2018-04-01,47.02625
"CA1165A",2018-04-01,577.08125
"CA1166V",2018-04-01,35.52875
"CA1167V",2018-04-01,119.62625
"CA1201A",2018-04-01,300.491
"CA1202A",2018-04-01,1173.454
"CA1301A",2018-04-01,1061.86225
"CA1302A",2018-04-01,2473.9205
"CA1303A",2018-04-01,1401.2665
"PP2217B",2018-04-01,12.0175
"PP2218B",2018-04-01,8.90625
"PP2224B",2018-04-01,10.57875
"PP2272B",2018-04-01,14.64875
"AC1160T",2018-05-01,50.375
"AC1161T",2018-05-01,9.52
"AC1201B",2018-05-01,27.32125
"AC1202B",2018-05-01,3.38375
"AC1203B",2018-05-01,3.675
"AC1204B",2018-05-01,5.95125
"AC3104B",2018-05-01,96.1625
"AC3192B",2018-05-01,57.2025
"AC3193B",2018-05-01,213.67625
"BT4001G",2018-05-01,38.28875
"CA1148V",2018-05-01,283.71875
"CA1159A",2018-05-01,79.025
"CA1160A",2018-05-01,594.15
"CA1161V",2018-05-01,38.60125
"CA1162V",2018-05-01,4.4825
"CA1163B",2018-05-01,63.555
"CA1165A",2018-05-01,668.2875
"CA1166V",2018-05-01,-1.54
"CA1167V",2018-05-01,54.91875
"CA1201A",2018-05-01,373.23375
"CA1202A",2018-05-01,1100.157
"CA1301A",2018-05-01,699.1725
"CA1302A",2018-05-01,3328.592
"CA1303A",2018-05-01,1603.73425
"PP2217B",2018-05-01,12.4725
"PP2218B",2018-05-01,2.15375
"PP2224B",2018-05-01,8.12875
"PP2272B",2018-05-01,6.36125
"AC1160T",2018-06-01,10.07
"AC1161T",2018-06-01,14.5275
"AC1201B",2018-06-01,31.70625
"AC1202B",2018-06-01,3.6825
"AC1204B",2018-06-01,9.56875
"AC3104B",2018-06-01,76.6625
"AC3192B",2018-06-01,107.70625
"AC3193B",2018-06-01,193.45375
"BT4001G",2018-06-01,9.98
"CA1148V",2018-06-01,303.34375
"CA1159A",2018-06-01,145.125
"CA1160A",2018-06-01,691.0875
"CA1161V",2018-06-01,23.065
"CA1162V",2018-06-01,5.585
"CA1163B",2018-06-01,51.7125
"CA1165A",2018-06-01,490.61875
"CA1167V",2018-06-01,130.59
"CA1201A",2018-06-01,287.983
"CA1202A",2018-06-01,1362.2525
"CA1301A",2018-06-01,893.40975
"CA1302A",2018-06-01,3099.09225
"CA1303A",2018-06-01,1943.87975
"PP2217B",2018-06-01,10.97875
"PP2218B",2018-06-01,4.90875
"PP2224B",2018-06-01,14.44
"PP2272B",2018-06-01,9.93125
"AC1160T",2018-07-01,8.62125
"AC1161T",2018-07-01,14.54
"AC1201B",2018-07-01,27.0025
"AC1202B",2018-07-01,4.145
"AC1203B",2018-07-01,2.485
"AC1204B",2018-07-01,7.21
"AC3104B",2018-07-01,53.5
"AC3192B",2018-07-01,152.535
"AC3193B",2018-07-01,211.18875
"BT4001G",2018-07-01,39.5325
"CA1148V",2018-07-01,383.95
"CA1159A",2018-07-01,206.9
"CA1160A",2018-07-01,947.25625
"CA1161V",2018-07-01,13.27875
"CA1162V",2018-07-01,30.42625
"CA1163B",2018-07-01,42.30375
"CA1165A",2018-07-01,613.8
"CA1167V",2018-07-01,152.49375
"CA1201A",2018-07-01,351.13825
"CA1202A",2018-07-01,1595.13675
"CA1301A",2018-07-01,945.76475
"CA1302A",2018-07-01,3280.8075
"CA1303A",2018-07-01,3067.605
"PP2217B",2018-07-01,6.725
"PP2218B",2018-07-01,7.4775
"PP2224B",2018-07-01,0.61625
"PP2272B",2018-07-01,4.195
"AC1160T",2018-08-01,3.8825
"AC1161T",2018-08-01,32.975
"AC1201B",2018-08-01,29.005
"AC1202B",2018-08-01,5.34375
"AC1203B",2018-08-01,4.5725
"AC1204B",2018-08-01,1.94625
"AC3104B",2018-08-01,47.55
"AC3192B",2018-08-01,125.91625
"AC3193B",2018-08-01,176.1525
"BT4001G",2018-08-01,44.31125
"CA1148V",2018-08-01,319.25625
"CA1159A",2018-08-01,65.3875
"CA1160A",2018-08-01,668.71875
"CA1161V",2018-08-01,45.42375
"CA1162V",2018-08-01,17.54
"CA1163B",2018-08-01,29.82125
"CA1165A",2018-08-01,503.1625
"CA1167V",2018-08-01,160.0575
"CA1201A",2018-08-01,461.14475
"CA1202A",2018-08-01,1191.06475
"CA1301A",2018-08-01,1317.37125
"CA1302A",2018-08-01,2497.404
"CA1303A",2018-08-01,2254.044
"PP2217B",2018-08-01,-0.0400000000000009
"PP2218B",2018-08-01,2.15375
"PP2224B",2018-08-01,3.90875
"PP2272B",2018-08-01,4.195
"AC1160T",2018-09-01,33.5625
"AC1161T",2018-09-01,17.8675
"AC1201B",2018-09-01,45.20875
"AC1202B",2018-09-01,14.7875
"AC1203B",2018-09-01,7.115
"AC1204B",2018-09-01,5.865
"AC3104B",2018-09-01,32.1625
"AC3191B",2018-09-01,8.3
"AC3192B",2018-09-01,148.72125
"AC3193B",2018-09-01,307.40375
"BT4001G",2018-09-01,19.69125
"CA1148V",2018-09-01,322.5625
"CA1159A",2018-09-01,241.1125
"CA1160A",2018-09-01,808.95625
"CA1161V",2018-09-01,31.495
"CA1162V",2018-09-01,106.85375
"CA1163B",2018-09-01,87.23
"CA1165A",2018-09-01,625.7
"CA1166V",2018-09-01,11.97
"CA1167V",2018-09-01,184.285
"CA1201A",2018-09-01,520.021
"CA1202A",2018-09-01,1368.119
"CA1301A",2018-09-01,2495.438
"CA1302A",2018-09-01,3485.62275
"CA1303A",2018-09-01,1623.98625
"PP2217B",2018-09-01,24.37125
"PP2218B",2018-09-01,12.435
"PP2224B",2018-09-01,22.65375
"PP2272B",2018-09-01,15.6025
"AC1160T",2018-10-01,49.54375
"AC1161T",2018-10-01,12.285
"AC1201B",2018-10-01,32.175
"AC1202B",2018-10-01,30.47875
"AC1203B",2018-10-01,12.7275
"AC1204B",2018-10-01,26.77
"AC3104B",2018-10-01,48.34375
"AC3192B",2018-10-01,215.50875
"AC3193B",2018-10-01,370.11375
"BT4001G",2018-10-01,39.80125
"CA1148V",2018-10-01,436.775
"CA1159A",2018-10-01,263.6125
"CA1160A",2018-10-01,818.6875
"CA1161V",2018-10-01,15.95875
"CA1162V",2018-10-01,167.99125
"CA1163B",2018-10-01,111.4775
"CA1165A",2018-10-01,598.8625
"CA1166V",2018-10-01,191.69
"CA1167V",2018-10-01,476.28125
"CA1201A",2018-10-01,934.17825
"CA1202A",2018-10-01,1666.2985
"CA1301A",2018-10-01,1736.84525
"CA1302A",2018-10-01,4522.2345
"CA1303A",2018-10-01,2152.7455
"PP2217B",2018-10-01,14.14375
"PP2218B",2018-10-01,4.98
"PP2224B",2018-10-01,17.65625
"PP2272B",2018-10-01,18.495
"AC1160T",2018-11-01,54.3075
"AC1161T",2018-11-01,8.3825
"AC1201B",2018-11-01,53.68125
"AC1202B",2018-11-01,31.38
"AC1203B",2018-11-01,21.35
"AC1204B",2018-11-01,12.66375
"AC3104B",2018-11-01,119.18125
"AC3192B",2018-11-01,254.6175
"AC3193B",2018-11-01,330.16125
"BT4001G",2018-11-01,25.88375
"CA1148V",2018-11-01,386.90625
"CA1159A",2018-11-01,202.1875
"CA1160A",2018-11-01,959.85625
"CA1161V",2018-11-01,114.88125
"CA1162V",2018-11-01,137.22
"CA1163B",2018-11-01,106.85375
"CA1165A",2018-11-01,759.16875
"CA1166V",2018-11-01,226.03125
"CA1167V",2018-11-01,170.81
"CA1201A",2018-11-01,506.2795
"CA1202A",2018-11-01,1650.8895
"CA1301A",2018-11-01,1851.40525
"CA1302A",2018-11-01,3868.27825
"CA1303A",2018-11-01,2675.09025
"PP2217B",2018-11-01,10.23625
"PP2218B",2018-11-01,7.8025
"PP2224B",2018-11-01,9.92625
"PP2272B",2018-11-01,13.16375
"AC1160T",2018-12-01,37.70125
"AC1161T",2018-12-01,34.7175
"AC1201B",2018-12-01,20.8075
"AC1202B",2018-12-01,5.64875
"AC1203B",2018-12-01,-11.69
"AC1204B",2018-12-01,-0.5075
"AC3104B",2018-12-01,90.7375
"AC3191B",2018-12-01,-74.8
"AC3192B",2018-12-01,87.53875
"AC3193B",2018-12-01,179.39375
"BT4001G",2018-12-01,18.58
"CA1148V",2018-12-01,168.075
"CA1159A",2018-12-01,-3.55000000000001
"CA1160A",2018-12-01,1449.725
"CA1161V",2018-12-01,954.29375
"CA1162V",2018-12-01,141.63375
"CA1163B",2018-12-01,74.7475
"CA1165A",2018-12-01,750.2375
"CA1166V",2018-12-01,143.81125
"CA1167V",2018-12-01,95.0775
"CA1201A",2018-12-01,578.769
"CA1202A",2018-12-01,1475.282
"CA1301A",2018-12-01,1354.05825
"CA1302A",2018-12-01,3342.77525
"CA1303A",2018-12-01,6865.39725
"PP2217B",2018-12-01,4.78875
"PP2218B",2018-12-01,6.26375
"PP2224B",2018-12-01,5.7825
"PP2272B",2018-12-01,6.13625
"AC1160T",2019-01-01,264.915
"AC1161T",2019-01-01,466.26375
"AC1201B",2019-01-01,129.34375
"AC1202B",2019-01-01,495.4025
"AC1203B",2019-01-01,623.84125
"AC1204B",2019-01-01,977.37875
"AC3104B",2019-01-01,270.025
"AC3191B",2019-01-01,146.925
"AC3192B",2019-01-01,522.99125
"AC3193B",2019-01-01,818.12
"BT4001G",2019-01-01,181.93375
"CA1148V",2019-01-01,1237.80625
"CA1159A",2019-01-01,465.0875
"CA1160A",2019-01-01,3639.88125
"CA1161V",2019-01-01,183.985
"CA1162V",2019-01-01,204.75375
"CA1163B",2019-01-01,327.12125
"CA1165A",2019-01-01,1888.1125
"CA1166V",2019-01-01,388.4025
"CA1167V",2019-01-01,674.2625
"CA1201A",2019-01-01,1843.488
"CA1202A",2019-01-01,3327.91325
"CA1301A",2019-01-01,9630.761
"CA1302A",2019-01-01,10407.1825
"CA1303A",2019-01-01,5257.68525
"PP2217B",2019-01-01,65.69875
"PP2218B",2019-01-01,52.02125
"PP2224B",2019-01-01,36.335
"PP2272B",2019-01-01,541.36875
"AC1160T",2019-02-01,375.3775
"AC1161T",2019-02-01,68.00375
"AC1201B",2019-02-01,258.73
"AC1202B",2019-02-01,245.635
"AC1203B",2019-02-01,87.04625
"AC1204B",2019-02-01,36.87
"AC3104B",2019-02-01,336.78125
"AC3191B",2019-02-01,87.5
"AC3192B",2019-02-01,789.48375
"AC3193B",2019-02-01,1366.39875
"BT4001G",2019-02-01,70.935
"CA1148V",2019-02-01,1163.16875
"CA1159A",2019-02-01,1610.75
"CA1160A",2019-02-01,4259.125
"CA1161V",2019-02-01,176.81125
"CA1162V",2019-02-01,322.9225
"CA1163B",2019-02-01,235.5325
"CA1165A",2019-02-01,2590.40625
"CA1166V",2019-02-01,329.86125
"CA1167V",2019-02-01,646.785
"CA1201A",2019-02-01,3549.64725
"CA1202A",2019-02-01,4490.874
"CA1301A",2019-02-01,10794.863
"CA1302A",2019-02-01,17464.109
"CA1303A",2019-02-01,8034.89825
"PP2217B",2019-02-01,175.4925
"PP2218B",2019-02-01,75.54125
"PP2224B",2019-02-01,535.325
"PP2272B",2019-02-01,130.4175
"AC1160T",2019-03-01,205.095
"AC1161T",2019-03-01,275.355
"AC1201B",2019-03-01,657.165
"AC1202B",2019-03-01,1349.2725
"AC1203B",2019-03-01,430.4725
"AC1204B",2019-03-01,1631.7775
"AC3104B",2019-03-01,924.4625
"AC3191B",2019-03-01,80.26875
"AC3192B",2019-03-01,1212.65875
"AC3193B",2019-03-01,2442.44625
"BT4001G",2019-03-01,681.73875
"CA1148V",2019-03-01,2501.85625
"CA1159A",2019-03-01,2092.93125
"CA1160A",2019-03-01,7045.25625
"CA1161V",2019-03-01,477.0925
"CA1162V",2019-03-01,486.3025
"CA1163B",2019-03-01,428.78125
"CA1165A",2019-03-01,5395.58125
"CA1166V",2019-03-01,754.97
"CA1167V",2019-03-01,1221.01
"CA1201A",2019-03-01,5856.92525
"CA1202A",2019-03-01,9408.80925
"CA1301A",2019-03-01,20465.52025
"CA1302A",2019-03-01,25630.77675
"CA1303A",2019-03-01,15432.648
"PP2217B",2019-03-01,867.86
"PP2218B",2019-03-01,159.16875
"PP2224B",2019-03-01,104.74125
"PP2272B",2019-03-01,173.15
"AC1160T",2019-04-01,303.8525
"AC1161T",2019-04-01,180.95625
"AC1201B",2019-04-01,541.32375
"AC1202B",2019-04-01,177.1475
"AC1203B",2019-04-01,152.31625
"AC1204B",2019-04-01,80.6925
"AC3104B",2019-04-01,1045.925
"AC3191B",2019-04-01,63.1625
"AC3192B",2019-04-01,1735.28375
"AC3193B",2019-04-01,3054.0925
"BT4001G",2019-04-01,99.155
"CA1148V",2019-04-01,2733.94375
"CA1159A",2019-04-01,2412.13125
"CA1160A",2019-04-01,10194.9125
"CA1161V",2019-04-01,613.11625
"CA1162V",2019-04-01,599.91
"CA1163B",2019-04-01,645.60125
"CA1165A",2019-04-01,7191.13125
"CA1166V",2019-04-01,955.88
"CA1167V",2019-04-01,2146.63875
"CA1201A",2019-04-01,7863.09075
"CA1202A",2019-04-01,14163.905
"CA1301A",2019-04-01,22714.712
"CA1302A",2019-04-01,38985.732
"CA1303A",2019-04-01,24072.76725
"PP2217B",2019-04-01,199.37125
"PP2218B",2019-04-01,116.77125
"PP2224B",2019-04-01,128.5925
"PP2272B",2019-04-01,229.69
"AC1160T",2019-05-01,242.35
"AC1161T",2019-05-01,298.3875
"AC1201B",2019-05-01,757.39125
"AC1202B",2019-05-01,237.47375
"AC1203B",2019-05-01,150.33875
"AC1204B",2019-05-01,121.97125
"AC3104B",2019-05-01,1015.04375
"AC3191B",2019-05-01,76.5625
"AC3192B",2019-05-01,2261.75
"AC3193B",2019-05-01,3952.78
"BT4001G",2019-05-01,487.50625
"CA1148V",2019-05-01,2381.8
"CA1159A",2019-05-01,2822.5875
"CA1160A",2019-05-01,11687.48125
"CA1161V",2019-05-01,805.25
"CA1162V",2019-05-01,634.10125
"CA1163B",2019-05-01,1008.30625
"CA1165A",2019-05-01,8627.79375
"CA1166V",2019-05-01,696.47375
"CA1167V",2019-05-01,2316.75375
"CA1201A",2019-05-01,7638.97775
"CA1202A",2019-05-01,18644.857
"CA1301A",2019-05-01,30459.1105
"CA1302A",2019-05-01,43998.779
"CA1303A",2019-05-01,27688.82125
"PP2217B",2019-05-01,331.0925
"PP2218B",2019-05-01,224.29125
"PP2224B",2019-05-01,190.98625
"PP2272B",2019-05-01,365.1675
"AC1160T",2019-06-01,416.685
"AC1161T",2019-06-01,855.53625
"AC1201B",2019-06-01,1042.72
"AC1202B",2019-06-01,324.13125
"AC1203B",2019-06-01,279.0575
"AC1204B",2019-06-01,137.12875
"AC3104B",2019-06-01,1494.025
"AC3191B",2019-06-01,133.54375
"AC3192B",2019-06-01,2869.43
"AC3193B",2019-06-01,5727.53875
"BT4001G",2019-06-01,1195.45625
"CA1148V",2019-06-01,4572.94375
"CA1159A",2019-06-01,3699.525
"CA1160A",2019-06-01,17786.225
"CA1161V",2019-06-01,1629.17125
"CA1162V",2019-06-01,869.46
"CA1163B",2019-06-01,1470.96875
"CA1165A",2019-06-01,12134.825
"CA1166V",2019-06-01,1402.08
"CA1167V",2019-06-01,4364.485
"CA1201A",2019-06-01,14234.79475
"CA1202A",2019-06-01,25452.122
"CA1301A",2019-06-01,46988.9005
"CA1302A",2019-06-01,64842.91275
"CA1303A",2019-06-01,42611.92475
"PP2217B",2019-06-01,434.0125
"PP2218B",2019-06-01,302.8325
"PP2224B",2019-06-01,248.23
"PP2272B",2019-06-01,414.83375
"AC1160T",2019-07-01,649.06875
"AC1161T",2019-07-01,1462.67875
"AC1201B",2019-07-01,1239.17875
"AC1202B",2019-07-01,337.3
"AC1203B",2019-07-01,287.38125
"AC1204B",2019-07-01,173.02375
"AC3104B",2019-07-01,1806.8625
"AC3191B",2019-07-01,157.9625
"AC3192B",2019-07-01,3889.87625
"AC3193B",2019-07-01,8092.20625
"BT4001G",2019-07-01,1146.475
"CA1148V",2019-07-01,13879.6
"CA1159A",2019-07-01,3742.875
"CA1160A",2019-07-01,36000.88125
"CA1161V",2019-07-01,2266.8025
"CA1162V",2019-07-01,1383.62625
"CA1163B",2019-07-01,1912.41625
"CA1165A",2019-07-01,19914.1375
"CA1166V",2019-07-01,2310.37875
"CA1167V",2019-07-01,6833.6
"CA1201A",2019-07-01,23061.65725
"CA1202A",2019-07-01,46772.8115
"CA1301A",2019-07-01,60357.58525
"CA1302A",2019-07-01,109175.59525
"CA1303A",2019-07-01,96012.309
"PP2217B",2019-07-01,336.55
"PP2218B",2019-07-01,281.8325
"PP2224B",2019-07-01,302.3575
"PP2272B",2019-07-01,380.66125
"AC1160T",2019-08-01,390.2625
"AC1161T",2019-08-01,629.6725
"AC1201B",2019-08-01,629.87625
"AC1202B",2019-08-01,229.0825
"AC1203B",2019-08-01,156.0175
"AC1204B",2019-08-01,69.35125
"AC3104B",2019-08-01,1339.0875
"AC3191B",2019-08-01,53.84375
"AC3192B",2019-08-01,2314.31
"AC3193B",2019-08-01,4863.1975
"BT4001G",2019-08-01,554.1525
"CA1148V",2019-08-01,7598.425
"CA1159A",2019-08-01,2562.83125
"CA1160A",2019-08-01,22600.60625
"CA1161V",2019-08-01,1508.73375
"CA1162V",2019-08-01,1039.72
"CA1163B",2019-08-01,1263.1575
"CA1165A",2019-08-01,13812.21875
"CA1166V",2019-08-01,1434.42125
"CA1167V",2019-08-01,2978.7075
"CA1201A",2019-08-01,12425.708
"CA1202A",2019-08-01,30572.06025
"CA1301A",2019-08-01,40507.27325
"CA1302A",2019-08-01,75618.093
"CA1303A",2019-08-01,56746.50775
"PP2217B",2019-08-01,289.72875
"PP2218B",2019-08-01,206.1075
"PP2224B",2019-08-01,188.03375
"PP2272B",2019-08-01,409.04875
"AC1160T",2019-09-01,848.33375
"AC1161T",2019-09-01,669.54125
"AC1201B",2019-09-01,953.66625
"AC1202B",2019-09-01,340.03125
"AC1203B",2019-09-01,338.5775
"AC1204B",2019-09-01,159.31875
"AC3104B",2019-09-01,2515.43125
"AC3191B",2019-09-01,106.325
"AC3192B",2019-09-01,3831.4475
"AC3193B",2019-09-01,8210.75625
"BT4001G",2019-09-01,566.42
"CA1148V",2019-09-01,9932.45
"CA1159A",2019-09-01,3834.3375
"CA1160A",2019-09-01,24839.0875
"CA1161V",2019-09-01,2351.80125
"CA1162V",2019-09-01,1290.76375
"CA1163B",2019-09-01,1964.44625
"CA1165A",2019-09-01,17934.5
"CA1166V",2019-09-01,3544.72875
"CA1167V",2019-09-01,7795.02
"CA1201A",2019-09-01,17713.3275
"CA1202A",2019-09-01,42193.55175
"CA1301A",2019-09-01,79967.47875
"CA1302A",2019-09-01,98210.0405
"CA1303A",2019-09-01,54984.87375
"PP2217B",2019-09-01,625.9475
"PP2218B",2019-09-01,473.3075
"PP2224B",2019-09-01,441.265
"PP2272B",2019-09-01,673.98625
"AC1160T",2019-10-01,1111.82375
"AC1161T",2019-10-01,575.95125
"AC1201B",2019-10-01,1122.93625
"AC1202B",2019-10-01,509.195
"AC1203B",2019-10-01,461.6225
"AC1204B",2019-10-01,189.3025
"AC3104B",2019-10-01,2577.35
"AC3191B",2019-10-01,141.39375
"AC3192B",2019-10-01,4815.15375
"AC3193B",2019-10-01,9528.03625
"BT4001G",2019-10-01,884.075
"CA1148V",2019-10-01,10731.93125
"CA1159A",2019-10-01,3332.61875
"CA1160A",2019-10-01,31795.4
"CA1161V",2019-10-01,2849.50375
"CA1162V",2019-10-01,1591.31375
"CA1163B",2019-10-01,2630.37
"CA1165A",2019-10-01,24656.13125
"CA1166V",2019-10-01,6034.53
"CA1167V",2019-10-01,10854.9075
"CA1201A",2019-10-01,27100.23875
"CA1202A",2019-10-01,54111.91125
"CA1301A",2019-10-01,79034.905
"CA1302A",2019-10-01,133907.255
"CA1303A",2019-10-01,83167.0585
"PP2217B",2019-10-01,703.92375
"PP2218B",2019-10-01,563.84625
"PP2224B",2019-10-01,484.35375
"PP2272B",2019-10-01,802.50125
"AC1160T",2019-11-01,984.7575
"AC1161T",2019-11-01,713.025
"AC1201B",2019-11-01,1154.93375
"AC1202B",2019-11-01,459.95125
"AC1203B",2019-11-01,486.0725
"AC1204B",2019-11-01,145.2025
"AC3104B",2019-11-01,2163.9
"AC3191B",2019-11-01,156.59375
"AC3192B",2019-11-01,4347.1025
"AC3193B",2019-11-01,8445.07
"BT4001G",2019-11-01,718.93625
"CA1148V",2019-11-01,9297.425
"CA1159A",2019-11-01,2883.73125
"CA1160A",2019-11-01,29616.29375
"CA1161V",2019-11-01,3106.99
"CA1162V",2019-11-01,1561.21375
"CA1163B",2019-11-01,2316.46375
"CA1165A",2019-11-01,21921.55
"CA1166V",2019-11-01,5275.90375
"CA1167V",2019-11-01,8040.2725
"CA1201A",2019-11-01,21085.174
"CA1202A",2019-11-01,50505.7505
"CA1301A",2019-11-01,65638.80825
"CA1302A",2019-11-01,122793.637
"CA1303A",2019-11-01,77610.9495
"PP2217B",2019-11-01,734.905
"PP2218B",2019-11-01,578.63125
"PP2224B",2019-11-01,511.75125
"PP2272B",2019-11-01,833.79625
"AC1160T",2019-12-01,816.82375
"AC1161T",2019-12-01,478.145
"AC1201B",2019-12-01,735.9175
"AC1202B",2019-12-01,354.2325
"AC1203B",2019-12-01,334.77
"AC1204B",2019-12-01,181.705
"AC3104B",2019-12-01,1504.30625
"AC3191B",2019-12-01,120.5375
"AC3192B",2019-12-01,3184.23375
"AC3193B",2019-12-01,6786.32375
"BT4001G",2019-12-01,539.625
"CA1148V",2019-12-01,9570.1875
"CA1159A",2019-12-01,2470.85625
"CA1160A",2019-12-01,39322.25
"CA1161V",2019-12-01,20468.8675
"CA1162V",2019-12-01,1159.40625
"CA1163B",2019-12-01,1622.28
"CA1165A",2019-12-01,19644.11875
"CA1166V",2019-12-01,2656.01625
"CA1167V",2019-12-01,6957.28
"CA1201A",2019-12-01,16575.75625
"CA1202A",2019-12-01,43860.364
"CA1301A",2019-12-01,41892.32975
"CA1302A",2019-12-01,98256.799
"CA1303A",2019-12-01,167241.11225
"PP2217B",2019-12-01,551.37875
"PP2218B",2019-12-01,436.195
"PP2224B",2019-12-01,379.91375
"PP2272B",2019-12-01,608.025
"AC1160T",2020-01-01,1514.4425
"AC1161T",2020-01-01,564.14125
"AC1201B",2020-01-01,1287.69625
"AC1202B",2020-01-01,535.47
"AC1203B",2020-01-01,429.63875
"AC1204B",2020-01-01,226.8425
"AC3104B",2020-01-01,2729.55
"AC3191B",2020-01-01,128.95625
"AC3192B",2020-01-01,4657.89125
"AC3193B",2020-01-01,10255.15375
"BT4001G",2020-01-01,729.525
"CA1148V",2020-01-01,10630.075
"CA1159A",2020-01-01,3082.78125
"CA1160A",2020-01-01,33954.3375
"CA1161V",2020-01-01,3325.2325
"CA1162V",2020-01-01,1316.47125
"CA1163B",2020-01-01,2308.885
"CA1165A",2020-01-01,23764.04375
"CA1166V",2020-01-01,3658.95125
"CA1167V",2020-01-01,9826.38
"CA1201A",2020-01-01,20151.37025
"CA1202A",2020-01-01,57924.403
"CA1301A",2020-01-01,117554.61075
"CA1302A",2020-01-01,130871.114
"CA1303A",2020-01-01,64852.27775
"PP2217B",2020-01-01,790.1725
"PP2218B",2020-01-01,671.02375
"PP2224B",2020-01-01,656.4425
"PP2272B",2020-01-01,1009.89
"AC1160T",2020-02-01,1108.5075
"AC1161T",2020-02-01,765.31375
"AC1201B",2020-02-01,1535.49125
"AC1202B",2020-02-01,564.47875
"AC1203B",2020-02-01,461.91
"AC1204B",2020-02-01,370.04875
"AC3104B",2020-02-01,3325.7375
"AC3191B",2020-02-01,187.625
"AC3192B",2020-02-01,4851.6675
"AC3193B",2020-02-01,11083.23
"BT4001G",2020-02-01,762.16625
"CA1148V",2020-02-01,11663.3125
"CA1159A",2020-02-01,4084.06875
"CA1160A",2020-02-01,35852.90625
"CA1161V",2020-02-01,3020.25375
"CA1162V",2020-02-01,1629.48375
"CA1163B",2020-02-01,2306.42625
"CA1165A",2020-02-01,26754.70625
"CA1166V",2020-02-01,4243.28
"CA1167V",2020-02-01,10450.67
"CA1201A",2020-02-01,34071.96625
"CA1202A",2020-02-01,61723.5255
"CA1301A",2020-02-01,99515.7235
"CA1302A",2020-02-01,140421.0685
"CA1303A",2020-02-01,85825.25375
"PP2217B",2020-02-01,837.205
"PP2218B",2020-02-01,704.1125
"PP2224B",2020-02-01,693.07
"PP2272B",2020-02-01,971.72625
"AC1160T",2020-03-01,780.68625
"AC1161T",2020-03-01,519.94
"AC1201B",2020-03-01,1528.54625
"AC1202B",2020-03-01,431.87
"AC1203B",2020-03-01,448.35375
"AC1204B",2020-03-01,181.495
"AC3104B",2020-03-01,2901.45
"AC3191B",2020-03-01,125.10625
"AC3192B",2020-03-01,5269.555
"AC3193B",2020-03-01,11176.395
"BT4001G",2020-03-01,661.34375
"CA1148V",2020-03-01,10824.38125
"CA1159A",2020-03-01,5449.25
"CA1160A",2020-03-01,28714.03125
"CA1161V",2020-03-01,2578.75875
"CA1162V",2020-03-01,1593.6
"CA1163B",2020-03-01,1717.01625
"CA1165A",2020-03-01,28107.24375
"CA1166V",2020-03-01,4318.415
"CA1167V",2020-03-01,7676.16625
"CA1201A",2020-03-01,38431.07775
"CA1202A",2020-03-01,93819.671
"CA1301A",2020-03-01,85885.19225
"CA1302A",2020-03-01,182438.72675
"CA1303A",2020-03-01,97916.39075
"PP2217B",2020-03-01,630.7
"PP2218B",2020-03-01,504.7425
"PP2224B",2020-03-01,502.93125
"PP2272B",2020-03-01,747.985
"AC1160T",2020-04-01,501.185
"AC1161T",2020-04-01,316.51375
"AC1201B",2020-04-01,690.185
"AC1202B",2020-04-01,205.2175
"AC1203B",2020-04-01,159.29625
"AC1204B",2020-04-01,16.7625
"AC3104B",2020-04-01,787.875
"AC3191B",2020-04-01,26.56875
"AC3192B",2020-04-01,2564.63
"AC3193B",2020-04-01,5362.20375
"BT4001G",2020-04-01,447.12375
"CA1148V",2020-04-01,4416.0625
"CA1159A",2020-04-01,3853.525
"CA1160A",2020-04-01,12983.4375
"CA1161V",2020-04-01,1351.37
"CA1162V",2020-04-01,911.09375
"CA1163B",2020-04-01,1199.99125
"CA1165A",2020-04-01,19373.88125
"CA1166V",2020-04-01,1661.5675
"CA1167V",2020-04-01,4406.51875
"CA1201A",2020-04-01,10956.66175
"CA1202A",2020-04-01,63571.1815
"CA1301A",2020-04-01,35360.56675
"CA1302A",2020-04-01,119555.931
"CA1303A",2020-04-01,50093.61725
"PP2217B",2020-04-01,255.31375
"PP2218B",2020-04-01,224.08
"PP2224B",2020-04-01,247.15125
"PP2272B",2020-04-01,331.97625
"AC1160T",2020-05-01,815.61375
"AC1161T",2020-05-01,992.8275
"AC1201B",2020-05-01,976.635
"AC1202B",2020-05-01,349.43
"AC1203B",2020-05-01,376.51625
"AC1204B",2020-05-01,207.5675
"AC3104B",2020-05-01,1705.025
"AC3191B",2020-05-01,62.06875
"AC3192B",2020-05-01,3696.515
"AC3193B",2020-05-01,7376.9875
"BT4001G",2020-05-01,1184.65375
"CA1148V",2020-05-01,7044.81875
"CA1159A",2020-05-01,3083.16875
"CA1160A",2020-05-01,24254.1375
"CA1161V",2020-05-01,2745.7175
"CA1162V",2020-05-01,1547.36875
"CA1163B",2020-05-01,1845.79125
"CA1165A",2020-05-01,21045.3375
"CA1166V",2020-05-01,1952.2225
"CA1167V",2020-05-01,7647.60375
"CA1201A",2020-05-01,12942.68475
"CA1202A",2020-05-01,55738.49125
"CA1301A",2020-05-01,98236.97125
"CA1302A",2020-05-01,103134.5895
"CA1303A",2020-05-01,46326.867
"PP2217B",2020-05-01,507.2875
"PP2218B",2020-05-01,401.92
"PP2224B",2020-05-01,406.2425
"PP2272B",2020-05-01,600.235
"AC1160T",2020-06-01,1214.4625
"AC1161T",2020-06-01,1851.22875
"AC1201B",2020-06-01,1390.1125
"AC1202B",2020-06-01,397.0275
"AC1203B",2020-06-01,422.125
"AC1204B",2020-06-01,254.1325
"AC3104B",2020-06-01,2588.5
"AC3191B",2020-06-01,85.525
"AC3192B",2020-06-01,5345.35
"AC3193B",2020-06-01,10837.35
"BT4001G",2020-06-01,1533.47
"CA1148V",2020-06-01,12548.1625
"CA1159A",2020-06-01,5849.55625
"CA1160A",2020-06-01,39934.26875
"CA1161V",2020-06-01,4105.27625
"CA1162V",2020-06-01,2654.35875
"CA1163B",2020-06-01,2523.5275
"CA1165A",2020-06-01,30486.4375
"CA1166V",2020-06-01,4250.26125
"CA1167V",2020-06-01,11850.2475
"CA1201A",2020-06-01,41245.072
"CA1202A",2020-06-01,73739.6145
"CA1301A",2020-06-01,145771.27775
"CA1302A",2020-06-01,163792.381
"CA1303A",2020-06-01,84809.09325
"PP2217B",2020-06-01,918.6325
"PP2218B",2020-06-01,602.65375
"PP2224B",2020-06-01,651.95375
"PP2272B",2020-06-01,917.43
"AC1160T",2020-07-01,979.945
"AC1161T",2020-07-01,1494.5875
"AC1201B",2020-07-01,1236.18
"AC1202B",2020-07-01,405.7475
"AC1203B",2020-07-01,347.28875
"AC1204B",2020-07-01,196.94
"AC3104B",2020-07-01,2913.44375
"AC3191B",2020-07-01,101.4125
"AC3192B",2020-07-01,5055.13875
"AC3193B",2020-07-01,10269.27375
"BT4001G",2020-07-01,1496.39875
"CA1148V",2020-07-01,22585.4375
"CA1159A",2020-07-01,8123.525
"CA1160A",2020-07-01,56589.9125
"CA1161V",2020-07-01,3367.13625
"CA1162V",2020-07-01,2414.34125
"CA1163B",2020-07-01,2318.03
"CA1165A",2020-07-01,33610.43125
"CA1166V",2020-07-01,3411.72
"CA1167V",2020-07-01,11698.51625
"CA1201A",2020-07-01,42801.30425
"CA1202A",2020-07-01,85425.58875
"CA1301A",2020-07-01,108667.2975
"CA1302A",2020-07-01,202684.632
"CA1303A",2020-07-01,148273.8275
"PP2217B",2020-07-01,708.99125
"PP2218B",2020-07-01,489.45875
"PP2224B",2020-07-01,589.72375
"PP2272B",2020-07-01,710.175
"AC1160T",2020-08-01,629.5725
"AC1161T",2020-08-01,659.70125
"AC1201B",2020-08-01,576.27625
"AC1202B",2020-08-01,186.435
"AC1203B",2020-08-01,149.16375
"AC1204B",2020-08-01,99.985
"AC3104B",2020-08-01,1536.24375
"AC3191B",2020-08-01,17.04375
"AC3192B",2020-08-01,2738.89125
"AC3193B",2020-08-01,5737.5025
"BT4001G",2020-08-01,727.49375
"CA1148V",2020-08-01,13620.5875
"CA1159A",2020-08-01,6008.6
"CA1160A",2020-08-01,30519.46875
"CA1161V",2020-08-01,2034.9725
"CA1162V",2020-08-01,1216.5375
"CA1163B",2020-08-01,1426.30875
"CA1165A",2020-08-01,19690.53125
"CA1166V",2020-08-01,2059.295
"CA1167V",2020-08-01,5825.735
"CA1201A",2020-08-01,20502.32825
"CA1202A",2020-08-01,55531.61075
"CA1301A",2020-08-01,64478.47775
"CA1302A",2020-08-01,118204.38475
"CA1303A",2020-08-01,77893.5525
"PP2217B",2020-08-01,367.6625
"PP2218B",2020-08-01,245.1075
"PP2224B",2020-08-01,235.03125
"PP2272B",2020-08-01,476.53625
"AC1160T",2020-09-01,1017.4975
"AC1161T",2020-09-01,913.44625
"AC1201B",2020-09-01,1263.5875
"AC1202B",2020-09-01,371.0125
"AC1203B",2020-09-01,312.08625
"AC1204B",2020-09-01,124.5775
"AC3104B",2020-09-01,3305.11875
"AC3191B",2020-09-01,67.975
"AC3192B",2020-09-01,5086.93125
"AC3193B",2020-09-01,10243.4375
"BT4001G",2020-09-01,958.85375
"CA1148V",2020-09-01,13549.91875
"CA1159A",2020-09-01,7480.4
"CA1160A",2020-09-01,34875.925
"CA1161V",2020-09-01,3387.30375
"CA1162V",2020-09-01,2097.21
"CA1163B",2020-09-01,2731.1625
"CA1165A",2020-09-01,25941.35
"CA1166V",2020-09-01,4311.70625
"CA1167V",2020-09-01,11625.345
"CA1201A",2020-09-01,27587.12025
"CA1202A",2020-09-01,77737.55825
"CA1301A",2020-09-01,124382.80275
"CA1302A",2020-09-01,162275.73075
"CA1303A",2020-09-01,76666.6935
"PP2217B",2020-09-01,787.68
"PP2218B",2020-09-01,598.95125
"PP2224B",2020-09-01,714.76375
"PP2272B",2020-09-01,915.9325
"AC1160T",2020-10-01,1312.76875
"AC1161T",2020-10-01,899.29625
"AC1201B",2020-10-01,1443.635
"AC1202B",2020-10-01,635.1775
"AC1203B",2020-10-01,485.09125
"AC1204B",2020-10-01,126.66125
"AC3104B",2020-10-01,3277.71875
"AC3191B",2020-10-01,160.46875
"AC3192B",2020-10-01,6247.41125
"AC3193B",2020-10-01,12766.83
"BT4001G",2020-10-01,739.88625
"CA1148V",2020-10-01,15986.30625
"CA1159A",2020-10-01,8718.30625
"CA1160A",2020-10-01,38731.0875
"CA1161V",2020-10-01,3999.895
"CA1162V",2020-10-01,2816.74375
"CA1163B",2020-10-01,3078.34
"CA1165A",2020-10-01,35446.23125
"CA1166V",2020-10-01,7021.165
"CA1167V",2020-10-01,11812.85125
"CA1201A",2020-10-01,43990.36275
"CA1202A",2020-10-01,113408.6515
"CA1301A",2020-10-01,104861.3155
"CA1302A",2020-10-01,241502.15675
"CA1303A",2020-10-01,114604.7705
"PP2217B",2020-10-01,1154.685
"PP2218B",2020-10-01,796.82375
"PP2224B",2020-10-01,781.9225
"PP2272B",2020-10-01,1335.205
"AC1160T",2020-11-01,609.00125
"AC1161T",2020-11-01,338.83125
"AC1201B",2020-11-01,629.1025
"AC1202B",2020-11-01,271.825
"AC1203B",2020-11-01,214.995
"AC1204B",2020-11-01,133.9925
"AC3104B",2020-11-01,1913.8875
"AC3191B",2020-11-01,56.5625
"AC3192B",2020-11-01,2919.6175
"AC3193B",2020-11-01,6248.5775
"BT4001G",2020-11-01,436.85125
"CA1148V",2020-11-01,6418.2875
"CA1159A",2020-11-01,6118.06875
"CA1160A",2020-11-01,14531.5875
"CA1161V",2020-11-01,1532.68
"CA1162V",2020-11-01,1051.5825
"CA1163B",2020-11-01,1550.21875
"CA1165A",2020-11-01,14949.125
"CA1166V",2020-11-01,3116.3625
"CA1167V",2020-11-01,3952.7175
"CA1201A",2020-11-01,13856.9495
"CA1202A",2020-11-01,55690.5005
"CA1301A",2020-11-01,44014.4295
"CA1302A",2020-11-01,107835.94775
"CA1303A",2020-11-01,50910.4155
"PP2217B",2020-11-01,519.8375
"PP2218B",2020-11-01,386.31125
"PP2224B",2020-11-01,301.24875
"PP2272B",2020-11-01,568.7575
"AC1160T",2020-12-01,1077.84125
"AC1161T",2020-12-01,561.0975
"AC1201B",2020-12-01,861.14125
"AC1202B",2020-12-01,425.65625
"AC1203B",2020-12-01,295.39875
"AC1204B",2020-12-01,85.58375
"AC3104B",2020-12-01,2349.86875
"AC3191B",2020-12-01,103.79375
"AC3192B",2020-12-01,3763.7225
"AC3193B",2020-12-01,8705.2925
"BT4001G",2020-12-01,913.43375
"CA1148V",2020-12-01,11086.04375
"CA1159A",2020-12-01,7479.2875
"CA1160A",2020-12-01,41243.34375
"CA1161V",2020-12-01,18971.97875
"CA1162V",2020-12-01,1802.73375
"CA1163B",2020-12-01,2375.44625
"CA1165A",2020-12-01,22101.51875
"CA1166V",2020-12-01,2995.5575
"CA1167V",2020-12-01,5967.19875
"CA1201A",2020-12-01,14826.2355
"CA1202A",2020-12-01,75741.59375
"CA1301A",2020-12-01,55138.06625
"CA1302A",2020-12-01,132285.86125
"CA1303A",2020-12-01,178596.313
"PP2217B",2020-12-01,902.09625
"PP2218B",2020-12-01,591.6225
"PP2224B",2020-12-01,563.26
"PP2272B",2020-12-01,1205.14
"AC1160T",2021-01-01,1178.2225
"AC1161T",2021-01-01,717.55375
"AC1201B",2021-01-01,1122.8575
"AC1202B",2021-01-01,539.42125
"AC1203B",2021-01-01,439.87
"AC1204B",2021-01-01,155.32375
"AC3104B",2021-01-01,2803.5375
"AC3191B",2021-01-01,108.86875
"AC3192B",2021-01-01,4441.73125
"AC3193B",2021-01-01,10309.17125
"BT4001G",2021-01-01,714.56375
"CA1148V",2021-01-01,11306.5
"CA1159A",2021-01-01,8515.15625
"CA1160A",2021-01-01,28115.7
"CA1161V",2021-01-01,3649.9625
"CA1162V",2021-01-01,2083.72125
"CA1163B",2021-01-01,2496.2725
"CA1165A",2021-01-01,23236.3625
"CA1166V",2021-01-01,3157.345
"CA1167V",2021-01-01,9181.2775
"CA1201A",2021-01-01,23866.39125
"CA1202A",2021-01-01,65735.356
"CA1301A",2021-01-01,136025.71675
"CA1302A",2021-01-01,141112.63025
"CA1303A",2021-01-01,65462.88925
"PP2217B",2021-01-01,1134.13375
"PP2218B",2021-01-01,699.02625
"PP2224B",2021-01-01,989.13625
"PP2272B",2021-01-01,1165.40625
"AC1160T",2021-02-01,1353.41
"AC1161T",2021-02-01,822.05
"AC1201B",2021-02-01,1552.7175
"AC1202B",2021-02-01,625.7675
"AC1203B",2021-02-01,659.93125
"AC1204B",2021-02-01,210.955
"AC3104B",2021-02-01,3592.0875
"AC3191B",2021-02-01,220.2375
"AC3192B",2021-02-01,5004.9725
"AC3193B",2021-02-01,11340.5875
"BT4001G",2021-02-01,1136.54
"CA1148V",2021-02-01,12347.4625
"CA1159A",2021-02-01,10244.65
"CA1160A",2021-02-01,29502.94375
"CA1161V",2021-02-01,3344.95625
"CA1162V",2021-02-01,2113.17125
"CA1163B",2021-02-01,2671.29375
"CA1165A",2021-02-01,24635.25
"CA1166V",2021-02-01,4767.23875
"CA1167V",2021-02-01,8768.36625
"CA1201A",2021-02-01,38989.68925
"CA1202A",2021-02-01,70310.0295
"CA1301A",2021-02-01,113912.0665
"CA1302A",2021-02-01,163960.837
"CA1303A",2021-02-01,82177.63325
"PP2217B",2021-02-01,1330.325
"PP2218B",2021-02-01,892.7675
"PP2224B",2021-02-01,649.81125
"PP2272B",2021-02-01,1298.79125
"AC1160T",2021-03-01,1455.965
"AC1161T",2021-03-01,1033.08
"AC1201B",2021-03-01,1915.7125
"AC1202B",2021-03-01,541.57625
"AC1203B",2021-03-01,450.96875
"AC1204B",2021-03-01,278.46
"AC3104B",2021-03-01,4344.63125
"AC3191B",2021-03-01,250.6375
"AC3192B",2021-03-01,6703.21125
"AC3193B",2021-03-01,14005.57125
"BT4001G",2021-03-01,1147.015
"CA1148V",2021-03-01,14068.55
"CA1159A",2021-03-01,13578.9
"CA1160A",2021-03-01,35349.65625
"CA1161V",2021-03-01,3768.67375
"CA1162V",2021-03-01,2487.6275
"CA1163B",2021-03-01,3065.725
"CA1165A",2021-03-01,31904.15625
"CA1166V",2021-03-01,5260.3175
"CA1167V",2021-03-01,11386.6125
"CA1201A",2021-03-01,41553.42775
"CA1202A",2021-03-01,89301.2345
"CA1301A",2021-03-01,142629.643
"CA1302A",2021-03-01,202466.3555
"CA1303A",2021-03-01,99757.9925
"PP2217B",2021-03-01,1474.1125
"PP2218B",2021-03-01,888.15
"PP2224B",2021-03-01,848.6475
"PP2272B",2021-03-01,1558.8625
"AC1160T",2021-04-01,1249.1175
"AC1161T",2021-04-01,1024.4175
"AC1201B",2021-04-01,1794.25875
"AC1202B",2021-04-01,488.16375
"AC1203B",2021-04-01,485.96625
"AC1204B",2021-04-01,336.06625
"AC3104B",2021-04-01,3915.375
"AC3191B",2021-04-01,274.2
"AC3192B",2021-04-01,6063.66875
"AC3193B",2021-04-01,13051.49125
"BT4001G",2021-04-01,1556.40625
"CA1148V",2021-04-01,12903.99375
"CA1159A",2021-04-01,13744.30625
"CA1160A",2021-04-01,34458.675
"CA1161V",2021-04-01,4216.9875
"CA1162V",2021-04-01,2740.90375
"CA1163B",2021-04-01,2674.7725
"CA1165A",2021-04-01,31287.95625
"CA1166V",2021-04-01,4273.875
"CA1167V",2021-04-01,10757.00375
"CA1201A",2021-04-01,39112.6495
"CA1202A",2021-04-01,96920.89325
"CA1301A",2021-04-01,121268.681
"CA1302A",2021-04-01,211744.547
"CA1303A",2021-04-01,105255.12625
"PP2217B",2021-04-01,1419.96375
"PP2218B",2021-04-01,820.92125
"PP2224B",2021-04-01,692.8
"PP2272B",2021-04-01,1462.11625
"AC1160T",2021-05-01,1048.355
"AC1161T",2021-05-01,820.7
"AC1201B",2021-05-01,1841.28
"AC1202B",2021-05-01,628.1775
"AC1203B",2021-05-01,492.52875
"AC1204B",2021-05-01,311.49375
"AC3104B",2021-05-01,4013.99375
"AC3191B",2021-05-01,236.10625
"AC3192B",2021-05-01,5484.435
"AC3193B",2021-05-01,11498.56875
"BT4001G",2021-05-01,1513.40875
"CA1148V",2021-05-01,11687.625
"CA1159A",2021-05-01,12824.5
"CA1160A",2021-05-01,40504.54375
"CA1161V",2021-05-01,3717.70375
"CA1162V",2021-05-01,2031.01
"CA1163B",2021-05-01,2328.6075
"CA1165A",2021-05-01,29758.925
"CA1166V",2021-05-01,3623.425
"CA1167V",2021-05-01,8524.37625
"CA1201A",2021-05-01,33476.35325
"CA1202A",2021-05-01,93776.0375
"CA1301A",2021-05-01,116852.148
"CA1302A",2021-05-01,191793.55725
"CA1303A",2021-05-01,98437.05925
"PP2217B",2021-05-01,1214.8275
"PP2218B",2021-05-01,808.4975
"PP2224B",2021-05-01,669.5475
"PP2272B",2021-05-01,1425.06125
"AC1160T",2021-06-01,874.14125
"AC1161T",2021-06-01,2168.095
"AC1201B",2021-06-01,1621.2275
"AC1202B",2021-06-01,680.56
"AC1203B",2021-06-01,497.89875
"AC1204B",2021-06-01,322.0175
"AC3104B",2021-06-01,4742.11875
"AC3191B",2021-06-01,206.81875
"AC3192B",2021-06-01,5768.315
"AC3193B",2021-06-01,12973.0575
"BT4001G",2021-06-01,1760.27375
"CA1148V",2021-06-01,17532.0625
"CA1159A",2021-06-01,13878.98125
"CA1160A",2021-06-01,48665.35
"CA1161V",2021-06-01,4111.40875
"CA1162V",2021-06-01,2310.08125
"CA1163B",2021-06-01,2493.83375
"CA1165A",2021-06-01,36547.725
"CA1166V",2021-06-01,4398.30375
"CA1167V",2021-06-01,9032.91375
"CA1201A",2021-06-01,40470.74575
"CA1202A",2021-06-01,101879.27475
"CA1301A",2021-06-01,133579.8645
"CA1302A",2021-06-01,215314.958
"CA1303A",2021-06-01,121752.156
"PP2217B",2021-06-01,1223.93125
"PP2218B",2021-06-01,742.7375
"PP2224B",2021-06-01,679.4475
"PP2272B",2021-06-01,1354.99625
"AC1160T",2021-07-01,713.02
"AC1161T",2021-07-01,1130.58125
"AC1201B",2021-07-01,1311.2175
"AC1202B",2021-07-01,565.4625
"AC1203B",2021-07-01,438.66
"AC1204B",2021-07-01,338.6275
"AC3104B",2021-07-01,3760.75
"AC3191B",2021-07-01,130.21875
"AC3192B",2021-07-01,5168.31375
"AC3193B",2021-07-01,11804.37125
"BT4001G",2021-07-01,1296.77625
"CA1148V",2021-07-01,23436.30625
"CA1159A",2021-07-01,12834.7875
"CA1160A",2021-07-01,67349.9
"CA1161V",2021-07-01,4172.2225
"CA1162V",2021-07-01,2447.96
"CA1163B",2021-07-01,2156.04875
"CA1165A",2021-07-01,37708.6875
"CA1166V",2021-07-01,3702.19375
"CA1167V",2021-07-01,8223.315
"CA1201A",2021-07-01,35291.5535
"CA1202A",2021-07-01,113287.81525
"CA1301A",2021-07-01,93921.5725
"CA1302A",2021-07-01,230765.97325
"CA1303A",2021-07-01,190990.89275
"PP2217B",2021-07-01,876.78
"PP2218B",2021-07-01,611.23875
"PP2224B",2021-07-01,435.47125
"PP2272B",2021-07-01,1065.19
"AC1160T",2021-08-01,500.935
"AC1161T",2021-08-01,455.70125
"AC1201B",2021-08-01,791.61375
"AC1202B",2021-08-01,335.14375
"AC1203B",2021-08-01,235.16625
"AC1204B",2021-08-01,134.915
"AC3104B",2021-08-01,2389.05625
"AC3191B",2021-08-01,65.70625
"AC3192B",2021-08-01,3007.7475
"AC3193B",2021-08-01,6902.0625
"BT4001G",2021-08-01,775.83375
"CA1148V",2021-08-01,11669.8
"CA1159A",2021-08-01,8781.475
"CA1160A",2021-08-01,33262.4625
"CA1161V",2021-08-01,2710.03875
"CA1162V",2021-08-01,1136.51625
"CA1163B",2021-08-01,1567.04
"CA1165A",2021-08-01,20630.08125
"CA1166V",2021-08-01,2473.54625
"CA1167V",2021-08-01,4670.1325
"CA1201A",2021-08-01,16226.61625
"CA1202A",2021-08-01,59504.85
"CA1301A",2021-08-01,70607.57
"CA1302A",2021-08-01,124455.5895
"CA1303A",2021-08-01,87831.458
"PP2217B",2021-08-01,541.63
"PP2218B",2021-08-01,325.58125
"PP2224B",2021-08-01,269.78125
"PP2272B",2021-08-01,682.53125
"AC1160T",2021-09-01,810.98625
"AC1161T",2021-09-01,759.62625
"AC1201B",2021-09-01,1277.70875
"AC1202B",2021-09-01,550.96625
"AC1203B",2021-09-01,433.63
"AC1204B",2021-09-01,254.5875
"AC3104B",2021-09-01,4128.28125
"AC3191B",2021-09-01,87.3875
"AC3192B",2021-09-01,5247.53875
"AC3193B",2021-09-01,10802.07625
"BT4001G",2021-09-01,677.38875
"CA1148V",2021-09-01,13554.06875
"CA1159A",2021-09-01,9235.5875
"CA1160A",2021-09-01,40337.91875
"CA1161V",2021-09-01,4257.31625
"CA1162V",2021-09-01,1909.31125
"CA1163B",2021-09-01,2704.43375
"CA1165A",2021-09-01,28380.30625
"CA1166V",2021-09-01,5629.63
"CA1167V",2021-09-01,9438.5875
"CA1201A",2021-09-01,27575.04475
"CA1202A",2021-09-01,83690.62525
"CA1301A",2021-09-01,133221.52975
"CA1302A",2021-09-01,178625.89725
"CA1303A",2021-09-01,87068.8935
"PP2217B",2021-09-01,1152.475
"PP2218B",2021-09-01,740.7075
"PP2224B",2021-09-01,587.03375
"PP2272B",2021-09-01,1236.0925
"AC1160T",2021-10-01,1089.9275
"AC1161T",2021-10-01,709.695
"AC1201B",2021-10-01,1194.0425
"AC1202B",2021-10-01,619.77875
"AC1203B",2021-10-01,497.635
"AC1204B",2021-10-01,227.72875
"AC3104B",2021-10-01,4003.125
"AC3191B",2021-10-01,47.4
"AC3192B",2021-10-01,5292.80625
"AC3193B",2021-10-01,10927.33875
"BT4001G",2021-10-01,586.6
"CA1148V",2021-10-01,14424.225
"CA1159A",2021-10-01,9113.375
"CA1160A",2021-10-01,40793.075
"CA1161V",2021-10-01,3682.45125
"CA1162V",2021-10-01,2185.6725
"CA1163B",2021-10-01,2911.00625
"CA1165A",2021-10-01,29742.99375
"CA1166V",2021-10-01,11391.88
"CA1167V",2021-10-01,10705.40875
"CA1201A",2021-10-01,32764.82225
"CA1202A",2021-10-01,90184.89025
"CA1301A",2021-10-01,104454.23825
"CA1302A",2021-10-01,195105.02825
"CA1303A",2021-10-01,99366.08775
"PP2217B",2021-10-01,1159.99125
"PP2218B",2021-10-01,714.10625
"PP2224B",2021-10-01,547.9725
"PP2272B",2021-10-01,1295.47625
"AC1160T",2021-11-01,924.7125
"AC1161T",2021-11-01,543.67125
"AC1201B",2021-11-01,1381.22125
"AC1202B",2021-11-01,586.57125
"AC1203B",2021-11-01,458.805
"AC1204B",2021-11-01,239.815
"AC3104B",2021-11-01,3563.79375
"AC3191B",2021-11-01,54.55
"AC3192B",2021-11-01,4678.25
"AC3193B",2021-11-01,9659.39625
"BT4001G",2021-11-01,572.4775
"CA1148V",2021-11-01,11617.0125
"CA1159A",2021-11-01,8346.675
"CA1160A",2021-11-01,37728.65625
"CA1161V",2021-11-01,4488.685
"CA1162V",2021-11-01,1828.72875
"CA1163B",2021-11-01,2526.27625
"CA1165A",2021-11-01,25671.93125
"CA1166V",2021-11-01,6423.3475
"CA1167V",2021-11-01,9275.40875
"CA1201A",2021-11-01,25038.167
"CA1202A",2021-11-01,84847.468
"CA1301A",2021-11-01,84893.85625
"CA1302A",2021-11-01,171517.333
"CA1303A",2021-11-01,97486.19275
"PP2217B",2021-11-01,1245.82875
"PP2218B",2021-11-01,545.19625
"PP2224B",2021-11-01,552.33
"PP2272B",2021-11-01,1208.1
"AC1160T",2021-12-01,475.73625
"AC1161T",2021-12-01,266.40625
"AC1201B",2021-12-01,536.95625
"AC1202B",2021-12-01,278.32875
"AC1203B",2021-12-01,218.7875
"AC1204B",2021-12-01,66.2325
"AC3104B",2021-12-01,1617.01875
"AC3191B",2021-12-01,42.5875
"AC3192B",2021-12-01,2266.9025
"AC3193B",2021-12-01,4790.9875
"BT4001G",2021-12-01,237.48
"CA1148V",2021-12-01,5263.74375
"CA1159A",2021-12-01,4339.95
"CA1160A",2021-12-01,21967.1625
"CA1161V",2021-12-01,5150.6925
"CA1162V",2021-12-01,743.13
"CA1163B",2021-12-01,1097.42875
"CA1165A",2021-12-01,11895.26875
"CA1166V",2021-12-01,2487.05375
"CA1167V",2021-12-01,4137.39875
"CA1201A",2021-12-01,10665.1655
"CA1202A",2021-12-01,41274.6005
"CA1301A",2021-12-01,31823.7095
"CA1302A",2021-12-01,79823.107
"CA1303A",2021-12-01,68331.29975
"PP2217B",2021-12-01,592.92875
"PP2218B",2021-12-01,287.83125
"PP2224B",2021-12-01,233.48
"PP2272B",2021-12-01,589.07625
