shop_code,id,created_at,contact_origin_id
C00067,1226,2020-12-29 10:14:40,2
C00067,1227,2020-12-29 14:03:36,1
C00067,1228,2020-12-30 10:16:39,1
C00067,1229,2020-12-31 11:20:39,2
C00067,1230,2021-01-05 14:04:25,1
C00067,1231,2021-01-05 14:08:15,1
C00067,1232,2021-01-05 14:41:25,1
C00067,1233,2021-01-06 15:16:16,9
C00067,1234,2021-01-06 16:10:46,1
C00067,1235,2021-01-07 10:12:37,1
C00067,1236,2021-01-07 12:25:05,2
C00067,1237,2021-01-08 10:43:01,2
C00067,1238,2021-01-12 15:14:17,7
C00067,1239,2021-01-12 17:00:16,1
C00067,1240,2021-01-14 17:40:03,1
C00067,1241,2021-01-15 12:08:49,1
C00067,1242,2021-01-19 12:31:45,1
C00067,1243,2021-01-20 14:49:25,1
C00067,1244,2021-01-21 11:18:54,2
C00067,1245,2021-01-21 15:06:09,2
C00067,1246,2021-01-22 11:27:59,1
C00067,1247,2021-01-22 16:22:10,1
C00067,1248,2021-01-28 11:28:33,2
C00067,1249,2021-01-29 16:52:25,1
C00067,1250,2021-02-03 15:32:39,1
C00067,1251,2021-02-09 10:51:08,2
C00067,1252,2021-02-09 14:47:19,1
C00067,1253,2021-02-11 11:36:39,1
C00067,1254,2021-02-20 10:49:12,1
C00067,1255,2021-03-04 14:36:11,2
C00067,1256,2021-03-05 15:19:54,9
C00067,1257,2021-03-09 09:37:26,1
C00067,1258,2021-03-09 11:11:00,1
C00067,1259,2021-03-09 11:48:33,6
C00067,1260,2021-03-09 14:23:17,2
C00067,1261,2021-03-10 11:28:32,1
C00067,1262,2021-03-10 11:37:22,1
C00067,1263,2021-03-10 14:32:36,2
C00067,1264,2021-03-11 11:48:45,1
C00067,1265,2021-03-11 14:04:03,2
C00067,1266,2021-03-16 11:56:33,2
C00067,1267,2021-03-18 15:01:30,9
C00067,1268,2021-03-30 17:40:04,2
C00067,1269,2021-04-08 14:49:15,1
C00067,1270,2021-04-09 15:10:22,1
C00067,1271,2021-04-15 12:33:28,1
C00067,1272,2021-04-16 14:14:11,2
C00067,1274,2021-04-20 10:34:47,1
C00067,1275,2021-04-20 12:26:58,2
C00067,1276,2021-04-23 10:06:41,9
C00067,1277,2021-04-23 14:44:07,1
C00067,1278,2021-04-24 11:05:16,9
C00067,1279,2021-04-24 11:17:13,2
C00067,1280,2021-04-27 15:41:19,1
C00067,1281,2021-04-29 14:53:55,1
C00067,1282,2021-05-04 10:20:06,1
C00067,1283,2021-05-05 10:15:07,2
C00067,1284,2021-05-05 14:54:18,1
C00067,1285,2021-05-06 09:52:02,2
C00067,1286,2021-05-06 12:10:18,2
C00067,1287,2021-05-11 14:35:01,1
C00067,1288,2021-05-12 12:51:17,1
C00067,1289,2021-05-12 14:28:47,1
C00067,1290,2021-05-14 11:38:40,2
C00067,1291,2021-05-18 11:47:22,2
C00067,1292,2021-05-22 11:01:37,1
C00067,1293,2021-05-25 11:46:20,1
C00067,1294,2021-05-26 11:35:23,1
C00067,1295,2021-05-26 16:06:09,1
C00067,1296,2021-05-26 16:44:38,2
C00067,1297,2021-05-26 18:14:27,1
C00067,1298,2021-05-27 11:16:35,1
C00067,1299,2021-06-01 14:27:25,1
C00067,1300,2021-06-02 11:59:12,9
C00067,1301,2021-06-05 11:25:22,1
C00067,1302,2021-06-05 12:15:07,1
C00067,1303,2021-06-08 12:23:53,2
C00067,1304,2021-06-09 14:03:10,1
C00067,1305,2021-06-09 14:53:16,1
C00067,1306,2021-06-10 12:20:17,1
C00067,1307,2021-06-11 14:14:38,2
C00067,1308,2021-06-12 10:31:12,1
C00067,1310,2021-06-15 13:04:14,1
C00067,1311,2021-06-15 13:58:24,2
C00067,1312,2021-06-15 14:51:52,1
C00067,1313,2021-06-17 10:40:13,8
C00067,1314,2021-06-17 16:49:15,1
C00067,1315,2021-06-17 18:04:37,9
C00067,1316,2021-06-22 14:43:38,1
C00067,1317,2021-06-29 10:15:39,9
C00067,1318,2021-07-09 15:52:01,2
C00067,1319,2021-07-09 16:05:28,1
C00067,1320,2021-08-05 10:57:55,1
C00067,1321,2021-08-05 12:24:01,1
C00067,1322,2021-08-06 12:59:26,1
C00067,1323,2021-08-07 10:20:00,9
C00067,1324,2021-08-10 10:20:37,1
C00067,1325,2021-08-11 14:25:25,1
C00067,1326,2021-08-18 09:38:44,9
C00067,1327,2021-08-19 10:40:05,1
C00067,1328,2021-08-20 10:03:34,1
C00067,1329,2021-08-21 11:35:04,1
C00067,1330,2021-08-27 15:23:10,1
C00067,1331,2021-09-03 14:49:26,2
C00067,1332,2021-09-03 15:46:36,2
C00067,1333,2021-09-04 11:10:05,1
C00067,1334,2021-09-14 09:54:42,1
C00067,1335,2021-09-14 17:39:42,9
C00067,1336,2021-09-16 14:09:17,9
C00067,1337,2021-09-17 17:53:59,1
C00067,1338,2021-09-22 17:13:11,9
C00067,1339,2021-09-24 09:33:31,8
C00067,1340,2021-09-24 09:52:50,8
C00067,1341,2021-10-01 10:05:15,1
C00067,1342,2021-10-07 14:06:09,1
C00151,102,2019-04-24 14:30:21,1
C00151,105,2019-05-22 10:48:23,1
C00151,122,2019-07-24 09:27:47,1
C00151,189,2020-05-26 14:38:18,1
C00151,190,2020-05-26 15:38:32,1
C00151,213,2020-10-13 14:02:11,2
C00151,220,2021-01-05 12:20:27,3
C00151,221,2021-01-09 10:01:33,1
C00151,222,2021-01-27 10:27:22,2
C00151,223,2021-01-30 09:21:28,1
C00151,224,2021-02-02 10:32:04,9
C00151,225,2021-02-03 15:34:06,8
C00151,226,2021-02-11 10:34:06,8
C00151,227,2021-02-12 11:05:34,9
C00151,229,2021-02-16 15:08:24,2
C00151,230,2021-02-19 15:55:21,1
C00151,231,2021-02-24 13:22:05,1
C00151,232,2021-02-26 10:24:53,1
C00151,233,2021-02-27 10:20:26,8
C00151,235,2021-03-02 10:44:42,1
C00151,236,2021-03-02 15:31:47,2
C00151,237,2021-03-02 17:23:06,1
C00151,238,2021-03-04 09:50:02,1
C00151,239,2021-03-04 14:40:41,3
C00151,241,2021-03-17 09:39:22,8
C00151,242,2021-03-17 11:10:25,1
C00151,243,2021-03-17 12:09:20,9
C00151,244,2021-04-08 15:07:46,1
C00151,247,2021-04-20 15:44:16,4
C00151,248,2021-04-21 09:49:21,1
C00151,249,2021-04-23 14:09:50,2
C00151,250,2021-04-23 15:05:32,2
C00151,251,2021-05-18 13:54:13,8
C00151,252,2021-05-19 12:17:25,1
C00151,253,2021-05-20 10:36:56,8
C00151,255,2021-05-20 11:28:28,1
C00151,256,2021-07-15 17:28:30,2
C00151,257,2021-07-17 10:26:00,2
C00151,258,2021-07-21 09:04:02,2
C00151,259,2021-07-22 14:11:17,2
C00151,260,2021-07-27 14:04:00,9
C00151,262,2021-07-28 10:55:45,2
C00151,263,2021-08-27 17:24:21,1
C00151,264,2021-08-28 10:06:30,2
C00151,265,2021-08-31 17:34:25,9
C00151,269,2021-09-02 10:56:46,2
C00151,271,2021-09-07 15:39:47,4
C00151,274,2021-09-15 09:39:30,4
C00151,275,2021-09-22 15:48:38,1
C00151,277,2021-09-23 14:27:28,8
C00151,279,2021-09-23 15:00:09,1
C00151,281,2021-09-30 16:44:57,1
C00151,283,2021-10-01 08:39:13,4
C00151,285,2021-10-02 09:10:51,4
C00151,287,2021-10-12 10:11:46,8
C00151,291,2021-10-14 17:30:18,1
C00151,293,2021-10-22 11:26:38,2
C00151,294,2021-11-05 17:16:31,2
C00151,295,2021-11-12 11:02:16,1
C00151,296,2021-11-12 16:50:44,1
C00151,297,2021-11-13 10:15:30,2
C00151,298,2021-11-16 10:31:02,2
C00151,299,2021-11-16 11:22:52,2
C00151,300,2021-11-16 11:58:19,2
C00151,301,2021-11-16 14:05:01,2
C00151,302,2021-11-17 11:01:13,2
C00151,303,2021-11-23 12:20:28,4
C00151,304,2021-11-27 10:05:58,1
C00151,318,2022-01-04 15:03:37,1
C00151,320,2022-01-04 15:41:28,1
C00151,321,2022-01-04 17:45:49,1
C00151,322,2022-01-05 11:47:44,2
C00151,325,2022-01-07 14:28:01,1
C00151,328,2022-01-14 17:06:12,1
C00197,682,2020-12-22 16:43:05,6
C00197,683,2020-12-23 10:19:37,1
C00197,684,2020-12-29 11:23:25,4
C00197,685,2020-12-30 13:11:49,2
C00197,686,2020-12-30 14:36:17,6
C00197,687,2021-01-07 14:57:50,6
C00197,688,2021-01-07 16:45:44,6
C00197,689,2021-01-08 10:38:18,6
C00197,690,2021-01-09 12:12:44,6
C00197,691,2021-01-09 13:53:03,1
C00197,692,2021-01-14 13:04:29,1
C00197,693,2021-01-15 11:57:36,1
C00197,694,2021-01-16 14:22:12,2
C00197,695,2021-01-16 14:57:18,4
C00197,696,2021-01-16 15:58:01,4
C00197,697,2021-01-21 12:21:11,5
C00197,698,2021-01-23 14:08:38,1
C00197,699,2021-01-29 09:34:59,1
C00197,700,2021-01-29 11:26:51,8
C00197,701,2021-01-30 16:18:37,1
C00197,702,2021-02-02 13:30:57,2
C00197,703,2021-02-03 12:17:04,2
C00197,704,2021-02-04 10:25:45,5
C00197,705,2021-02-04 15:43:31,5
C00197,706,2021-02-09 12:51:41,2
C00197,707,2021-02-10 09:41:18,5
C00197,708,2021-02-11 12:23:03,5
C00197,709,2021-02-16 14:16:05,5
C00197,710,2021-02-19 13:59:17,5
C00197,711,2021-02-23 09:57:51,5
C00197,712,2021-02-23 15:53:28,5
C00197,713,2021-03-02 11:00:47,5
C00197,714,2021-03-04 12:19:55,5
C00197,715,2021-03-06 11:57:56,2
C00197,716,2021-03-10 11:02:43,5
C00197,717,2021-03-12 15:59:03,1
C00197,718,2021-03-18 17:19:22,1
C00197,719,2021-03-25 15:02:57,1
C00197,720,2021-03-26 13:48:59,4
C00197,721,2021-03-26 14:52:27,5
C00197,722,2021-04-01 09:26:17,4
C00197,723,2021-04-02 15:18:20,5
C00197,724,2021-04-02 16:04:16,1
C00197,725,2021-04-03 12:21:19,5
C00197,726,2021-04-08 10:21:22,5
C00197,727,2021-04-09 10:15:05,5
C00197,728,2021-04-10 11:12:08,5
C00197,729,2021-04-10 12:40:12,1
C00197,730,2021-04-13 08:58:55,1
C00197,731,2021-04-13 15:12:59,5
C00197,732,2021-04-15 10:08:53,1
C00197,733,2021-04-15 17:03:56,5
C00197,734,2021-04-23 11:00:20,5
C00197,735,2021-04-28 11:12:25,5
C00197,747,2021-05-04 12:53:07,1
C00197,748,2021-05-05 14:43:55,4
C00197,749,2021-05-07 12:02:18,3
C00197,751,2021-05-08 13:28:04,4
C00197,752,2021-05-08 15:20:04,4
C00197,753,2021-05-11 11:06:05,1
C00197,754,2021-05-11 11:25:57,1
C00197,755,2021-05-11 14:03:20,5
C00197,756,2021-05-21 14:57:56,1
C00197,757,2021-05-22 13:57:48,5
C00197,758,2021-05-22 16:29:47,1
C00197,759,2021-05-25 11:04:42,1
C00197,761,2021-05-27 09:55:35,2
C00197,762,2021-05-29 13:31:58,9
C00197,764,2021-06-02 12:06:01,1
C00197,765,2021-06-04 16:00:02,1
C00197,766,2021-06-08 17:31:55,1
C00197,767,2021-06-09 14:33:37,1
C00197,768,2021-06-10 16:27:39,2
C00197,769,2021-06-11 10:58:08,5
C00197,771,2021-06-15 13:04:11,1
C00197,772,2021-06-15 15:47:03,1
C00197,773,2021-06-15 16:20:24,1
C00197,774,2021-06-19 12:41:37,1
C00197,775,2021-06-19 12:59:02,1
C00197,776,2021-06-19 14:57:56,2
C00197,777,2021-06-24 12:54:53,4
C00197,778,2021-06-24 13:59:31,5
C00197,779,2021-06-29 13:23:35,5
C00197,780,2021-06-30 13:57:29,1
C00197,782,2021-07-01 09:57:42,5
C00197,783,2021-07-01 11:58:58,5
C00197,785,2021-07-06 14:53:58,1
C00197,787,2021-07-07 10:58:06,1
C00197,789,2021-07-07 14:04:03,4
C00197,791,2021-07-10 13:51:13,9
C00197,792,2021-07-10 13:58:41,9
C00197,793,2021-07-10 14:02:17,9
C00197,794,2021-07-10 15:06:57,1
C00197,795,2021-07-10 15:52:15,1
C00197,796,2021-07-13 14:12:08,5
C00197,798,2021-07-16 13:32:23,1
C00197,799,2021-07-22 14:49:26,2
C00197,800,2021-07-22 17:02:03,5
C00197,801,2021-07-24 11:55:49,4
C00197,802,2021-07-29 13:23:56,1
C00197,804,2021-07-30 15:05:21,1
C00197,806,2021-07-31 11:22:38,9
C00197,808,2021-07-31 14:27:28,1
C00197,809,2021-07-31 15:02:33,1
C00197,810,2021-08-05 10:11:11,4
C00197,812,2021-08-10 12:09:53,5
C00197,813,2021-08-11 09:40:41,5
C00197,815,2021-08-12 15:37:02,4
C00197,816,2021-08-13 13:13:24,4
C00197,817,2021-08-13 14:20:21,1
C00197,818,2021-08-14 11:58:13,1
C00197,819,2021-08-18 14:16:11,1
C00197,820,2021-08-18 14:50:15,1
C00197,821,2021-08-19 11:49:49,5
C00197,822,2021-08-21 15:52:48,4
C00197,823,2021-08-27 15:59:58,5
C00197,824,2021-08-31 16:29:45,5
C00197,825,2021-09-03 13:20:34,4
C00197,826,2021-09-03 15:58:31,1
C00197,827,2021-09-04 15:20:18,4
C00197,829,2021-09-28 10:57:18,1
C00197,830,2021-09-30 09:34:50,1
C00197,831,2021-09-30 17:10:10,6
C00197,832,2021-10-05 13:23:13,3
C00197,833,2021-10-09 13:33:33,1
C00197,834,2021-10-09 15:52:20,1
C00197,835,2021-10-12 10:03:41,1
C00197,837,2021-10-13 11:11:12,8
C00197,838,2021-10-14 09:59:02,6
C00197,839,2021-10-19 11:15:59,5
C00197,840,2021-10-19 17:43:50,1
C00197,841,2021-10-21 10:02:21,6
C00197,842,2021-10-21 17:06:32,8
C00197,843,2021-10-23 14:03:20,4
C00197,844,2021-10-26 12:12:02,1
C00197,845,2021-10-26 15:41:23,5
C00197,846,2021-10-27 13:03:29,5
C00197,847,2021-10-28 11:50:48,1
C00197,849,2021-10-29 14:01:47,5
C00197,851,2021-10-30 15:20:53,1
C00197,853,2021-11-02 12:48:06,1
C00197,854,2021-11-03 10:53:18,5
C00197,855,2021-11-03 12:09:56,1
C00197,856,2021-11-03 14:00:28,1
C00197,857,2021-11-09 15:44:02,5
C00197,858,2021-11-13 12:11:49,1
C00197,859,2021-11-13 13:06:19,1
C00197,860,2021-11-18 09:54:14,1
C00197,861,2021-11-19 13:53:03,5
C00197,862,2021-11-30 15:43:49,6
C00197,863,2021-12-01 09:55:19,1
C00197,864,2021-12-03 14:04:54,1
C00197,865,2021-12-08 11:22:06,9
C00197,866,2021-12-09 13:35:50,1
C00197,867,2021-12-10 10:01:51,8
C00197,868,2021-12-11 13:38:37,9
C00197,869,2021-12-21 13:30:51,7
C00197,870,2021-12-21 16:56:58,1
C00197,871,2021-12-28 10:54:58,1
C00197,872,2021-12-29 13:07:10,5
C00197,874,2022-01-04 10:06:30,1
C00197,875,2022-01-07 10:07:45,2
C00197,876,2022-01-07 11:10:19,5
C00197,877,2022-01-08 13:16:27,5
C00197,878,2022-01-12 10:59:03,1
C00197,879,2022-01-12 12:07:38,5
C069,488,2020-12-22 10:23:11,1
C069,489,2020-12-22 12:26:33,2
C069,490,2020-12-24 12:00:14,8
C069,491,2021-01-06 12:04:17,1
C069,492,2021-01-12 09:43:42,8
C069,493,2021-01-12 14:34:09,8
C069,494,2021-01-12 16:02:37,8
C069,495,2021-01-13 11:07:34,3
C069,496,2021-01-13 14:11:49,8
C069,497,2021-01-13 14:16:47,8
C069,498,2021-01-19 10:50:12,8
C069,499,2021-01-19 11:53:02,8
C069,500,2021-01-21 11:33:46,1
C069,501,2021-01-21 15:38:53,1
C069,502,2021-01-21 16:37:09,1
C069,503,2021-01-22 14:44:40,1
C069,504,2021-01-26 12:00:02,8
C069,505,2021-02-09 16:17:39,2
C069,506,2021-02-10 14:43:23,9
C069,507,2021-02-13 11:02:41,1
C069,508,2021-02-16 14:36:51,2
C069,525,2021-02-19 15:27:17,2
C069,526,2021-03-02 14:09:17,1
C069,527,2021-03-02 15:58:35,1
C069,528,2021-03-03 09:53:14,8
C069,529,2021-03-03 13:33:47,8
C069,530,2021-03-04 14:08:07,1
C069,531,2021-03-04 16:04:39,1
C069,532,2021-03-05 15:34:57,8
C069,533,2021-03-06 10:28:22,1
C069,534,2021-03-06 11:32:15,1
C069,536,2021-03-09 11:21:02,1
C069,537,2021-03-10 11:22:58,8
C069,538,2021-03-11 14:54:48,8
C069,541,2021-03-17 14:43:24,8
C069,543,2021-04-03 10:13:13,2
C069,545,2021-04-14 14:55:48,1
C069,546,2021-04-21 11:25:16,2
C069,547,2021-04-23 16:19:27,1
C069,549,2021-04-24 09:59:09,2
C069,550,2021-05-11 14:03:31,1
C069,552,2021-05-12 11:06:56,9
C069,553,2021-05-14 11:34:40,1
C069,554,2021-05-14 14:00:23,1
C069,558,2021-05-25 12:02:29,1
C069,560,2021-05-27 11:44:57,2
C069,561,2021-05-27 13:59:40,1
C069,562,2021-05-27 17:19:14,2
C069,563,2021-05-28 15:12:27,8
C069,564,2021-06-01 11:32:11,1
C069,565,2021-06-01 14:45:27,9
C069,566,2021-06-02 10:17:42,8
C069,567,2021-06-04 09:39:29,2
C069,568,2021-06-04 14:52:52,1
C069,569,2021-06-04 17:47:30,4
C069,570,2021-06-05 11:26:01,1
C069,571,2021-06-09 14:32:18,2
C069,572,2021-06-09 16:07:32,9
C069,574,2021-06-11 14:57:19,9
C069,575,2021-06-16 13:54:11,8
C069,577,2021-06-17 10:41:11,9
C069,578,2021-06-17 13:58:10,1
C069,579,2021-06-22 11:43:26,9
C069,580,2021-06-24 10:01:42,2
C069,582,2021-06-24 12:08:26,2
C069,583,2021-06-24 15:10:06,6
C069,584,2021-07-01 14:07:00,1
C069,585,2021-07-03 09:47:48,9
C069,586,2021-07-07 14:40:19,6
C069,588,2021-07-27 10:16:49,2
C069,589,2021-07-28 11:08:16,1
C069,591,2021-09-16 12:02:50,6
C069,592,2021-09-21 09:35:05,9
C069,593,2021-09-21 11:56:06,6
C069,595,2021-09-21 14:13:03,1
C069,596,2021-09-23 12:21:29,6
C069,598,2021-09-28 09:57:29,9
CL00092,8,2019-02-28 14:38:42,8
CL00092,67,2019-03-13 10:38:08,1
CL00092,96,2019-04-26 18:25:04,2
CL00092,114,2019-05-17 11:51:20,8
CL00092,118,2019-05-23 19:08:35,1
CL00092,146,2019-08-29 14:59:14,4
CL00092,152,2019-09-03 09:54:57,8
CL00092,158,2019-09-04 11:46:52,2
CL00092,170,2019-09-19 11:07:32,2
CL00092,171,2019-09-19 14:40:57,8
CL00092,174,2019-09-24 09:28:57,8
CL00092,188,2019-10-19 09:11:28,4
CL00092,197,2019-11-12 17:44:31,2
CL00092,238,2020-03-10 14:34:28,4
CL00092,258,2020-05-14 14:06:40,2
CL00092,277,2020-05-30 11:24:18,2
CL00092,295,2020-07-09 14:07:04,4
CL00092,304,2020-08-19 09:58:07,1
CL00092,322,2020-10-21 10:11:30,2
CL00092,333,2021-01-05 09:05:54,4
CL00092,334,2021-01-05 14:10:41,4
CL00092,335,2021-01-08 08:55:53,4
CL00092,336,2021-01-08 09:19:06,4
CL00092,337,2021-01-08 16:01:01,1
CL00092,338,2021-01-12 11:01:31,4
CL00092,339,2021-01-14 14:57:43,1
CL00092,340,2021-01-14 16:25:00,1
CL00092,341,2021-01-15 16:33:22,3
CL00092,342,2021-01-20 09:13:15,4
CL00092,343,2021-01-26 15:03:25,4
CL00092,344,2021-01-29 10:33:34,1
CL00092,345,2021-02-02 14:03:20,4
CL00092,346,2021-02-05 14:58:45,8
CL00092,347,2021-02-11 10:36:58,4
CL00092,348,2021-02-16 14:10:11,8
CL00092,351,2021-02-18 18:06:12,1
CL00092,352,2021-02-19 15:06:01,1
CL00092,353,2021-02-20 11:10:09,1
CL00092,354,2021-03-02 14:35:47,1
CL00092,355,2021-03-02 15:59:46,1
CL00092,356,2021-03-04 15:54:13,1
CL00092,357,2021-03-09 14:05:29,1
CL00092,358,2021-03-10 09:07:31,1
CL00092,359,2021-03-11 15:28:47,2
CL00092,360,2021-03-16 13:49:20,8
CL00092,361,2021-03-16 16:02:31,1
CL00092,362,2021-03-23 14:01:10,3
CL00092,363,2021-03-25 17:07:45,1
CL00092,364,2021-03-26 15:43:13,9
CL00092,365,2021-04-07 11:40:21,1
CL00092,366,2021-04-08 15:09:49,4
CL00092,368,2021-04-22 10:08:52,8
CL00092,369,2021-04-22 17:18:35,1
CL00092,370,2021-04-22 18:25:51,8
CL00092,373,2021-04-27 10:01:02,4
CL00092,374,2021-04-27 13:57:32,1
CL00092,375,2021-04-27 16:01:53,1
CL00092,376,2021-04-30 15:14:02,1
CL00092,377,2021-05-04 16:46:36,1
CL00092,378,2021-05-06 10:06:33,8
CL00092,379,2021-05-14 13:36:49,3
CL00092,380,2021-05-18 10:27:44,2
CL00092,381,2021-05-20 11:08:52,1
CL00092,382,2021-05-20 15:59:25,1
CL00092,383,2021-05-21 11:14:41,8
CL00092,384,2021-05-22 11:32:43,1
CL00092,385,2021-05-22 12:03:29,1
CL00092,386,2021-05-25 15:16:44,3
CL00092,388,2021-05-25 16:32:13,1
CL00092,389,2021-05-25 18:12:47,3
CL00092,390,2021-05-27 14:01:37,2
CL00092,391,2021-05-28 16:37:26,1
CL00092,392,2021-06-03 14:05:38,2
CL00092,394,2021-06-08 15:23:52,1
CL00092,395,2021-06-08 16:40:35,1
CL00092,397,2021-06-08 18:13:47,2
CL00092,400,2021-06-15 14:59:41,8
CL00092,402,2021-06-18 15:03:23,6
CL00092,406,2021-06-22 13:29:12,8
CL00092,407,2021-07-02 08:22:09,1
CL00092,409,2021-07-03 11:29:59,1
CL00092,410,2021-07-06 08:37:11,1
CL00092,411,2021-07-06 15:50:01,1
CL00092,412,2021-07-06 16:16:23,3
CL00092,415,2021-07-08 15:47:24,4
CL00092,416,2021-07-08 16:04:04,1
CL00092,418,2021-07-15 15:24:37,2
CL00092,420,2021-07-15 16:14:04,4
CL00092,421,2021-07-15 17:19:54,2
CL00092,422,2021-07-16 13:33:24,2
CL00092,424,2021-07-20 10:54:25,8
CL00092,425,2021-07-20 17:05:55,1
CL00092,426,2021-08-10 15:39:26,4
CL00092,427,2021-08-14 10:08:03,4
CL00092,428,2021-08-17 11:05:29,8
CL00092,429,2021-08-17 14:44:34,4
CL00092,430,2021-08-17 15:41:18,4
CL00092,431,2021-08-19 17:42:37,3
CL00092,432,2021-08-20 11:33:15,4
CL00092,433,2021-08-21 10:34:34,4
CL00092,434,2021-08-24 10:30:32,2
CL00092,435,2021-08-26 14:14:26,4
CL00092,436,2021-08-26 15:40:15,1
CL00092,437,2021-09-02 15:01:24,1
CL00092,438,2021-09-03 13:48:11,3
CL00092,439,2021-09-07 10:45:33,9
CL00092,440,2021-09-08 08:18:41,4
CL00092,441,2021-09-10 14:26:31,2
CL00092,442,2021-09-14 09:13:17,8
CL00092,443,2021-09-14 15:07:51,1
CL00092,444,2021-09-16 16:01:37,4
CL00092,445,2021-09-23 09:13:46,8
CL00092,446,2021-10-08 16:08:38,1
CL00092,447,2021-10-09 11:35:30,9
CL00092,449,2021-10-29 08:54:30,8
CL00092,450,2021-10-29 14:03:50,8
CL00092,451,2021-11-02 08:58:01,1
CL00092,452,2021-11-02 10:15:23,4
CL00092,453,2021-11-03 10:00:52,8
CL00092,454,2021-11-16 15:33:28,1
CL00092,455,2021-11-23 09:07:49,8
CL00092,456,2021-11-25 14:08:29,8
CL00092,457,2021-11-25 15:35:22,8
CL00092,458,2021-12-03 10:10:54,5
CL00092,459,2021-12-07 14:06:53,5
CL00092,461,2021-12-09 14:20:59,5
CL00092,462,2021-12-09 17:09:35,5
CL00092,463,2021-12-10 15:06:31,5
CL00092,464,2021-12-11 11:07:50,8
CL00092,466,2021-12-14 09:11:08,5
CL00092,467,2022-01-04 14:24:16,5
CL00092,468,2022-01-04 14:49:33,3
CL00092,469,2022-01-05 11:12:32,2
CL00092,470,2022-01-06 10:06:54,8
CL00092,471,2022-01-06 14:54:49,8
CL00092,472,2022-01-08 09:43:24,1
CL00092,473,2022-01-11 15:03:09,5
CL00092,474,2022-01-14 09:07:07,1
CL00092,475,2022-01-14 17:38:28,3
CL00092,476,2022-01-15 11:37:42,9
CL00092,477,2022-01-18 09:31:36,8
CL00092,478,2022-01-18 14:27:44,1
CL00170,272,2021-01-05 12:46:48,1
CL00170,273,2021-01-08 14:52:13,9
CL00170,274,2021-01-09 13:02:30,9
CL00170,275,2021-01-12 16:53:26,5
CL00170,276,2021-01-13 12:07:21,1
CL00170,277,2021-01-13 14:23:59,4
CL00170,278,2021-01-15 11:44:20,1
CL00170,279,2021-01-19 10:20:01,1
CL00170,280,2021-01-19 12:55:22,4
CL00170,281,2021-01-19 14:08:30,2
CL00170,282,2021-01-19 14:57:42,4
CL00170,283,2021-01-19 16:05:54,4
CL00170,284,2021-01-21 09:36:46,1
CL00170,285,2021-01-22 11:16:55,6
CL00170,286,2021-01-26 09:19:03,4
CL00170,287,2021-01-26 13:25:44,4
CL00170,288,2021-01-26 14:33:41,4
CL00170,289,2021-01-26 15:54:40,2
CL00170,290,2021-01-27 10:58:25,4
CL00170,291,2021-01-30 13:34:44,1
CL00170,292,2021-02-04 09:05:48,9
CL00170,293,2021-02-05 14:32:57,1
CL00170,294,2021-02-11 11:01:23,4
CL00170,295,2021-02-11 16:51:04,4
CL00170,296,2021-02-12 13:55:46,1
CL00170,297,2021-02-13 15:55:27,4
CL00170,298,2021-02-17 13:45:55,4
CL00170,299,2021-02-18 10:18:52,4
CL00170,300,2021-02-20 14:00:47,4
CL00170,301,2021-02-25 10:43:11,4
CL00170,302,2021-02-25 11:25:52,4
CL00170,303,2021-03-02 14:20:15,4
CL00170,304,2021-03-03 14:09:59,1
CL00170,305,2021-03-03 14:59:54,1
CL00170,306,2021-03-04 14:59:24,4
CL00170,307,2021-03-09 09:48:27,1
CL00170,308,2021-03-09 16:13:49,2
CL00170,309,2021-03-10 10:25:12,4
CL00170,310,2021-03-10 14:02:23,4
CL00170,311,2021-03-11 10:57:39,4
CL00170,312,2021-03-12 12:37:59,4
CL00170,313,2021-03-12 13:36:21,4
CL00170,314,2021-03-12 15:43:30,4
CL00170,315,2021-03-13 14:07:38,4
CL00170,316,2021-03-16 14:30:47,4
CL00170,317,2021-03-17 13:09:51,4
CL00170,318,2021-03-18 16:32:16,1
CL00170,319,2021-03-23 13:59:13,1
CL00170,320,2021-03-25 14:28:05,4
CL00170,321,2021-03-25 15:43:37,1
CL00170,322,2021-03-26 10:02:26,1
CL00170,323,2021-03-30 10:51:15,1
CL00170,324,2021-04-01 11:31:17,4
CL00170,325,2021-04-06 09:34:23,1
CL00170,326,2021-04-08 13:09:36,4
CL00170,327,2021-04-09 09:51:59,4
CL00170,328,2021-04-09 13:22:19,1
CL00170,329,2021-04-15 12:32:57,4
CL00170,330,2021-04-15 15:27:40,4
CL00170,331,2021-04-20 11:15:43,4
CL00170,332,2021-04-20 13:34:38,4
CL00170,333,2021-04-20 14:20:53,4
CL00170,334,2021-04-21 13:50:29,4
CL00170,335,2021-04-22 12:38:57,1
CL00170,336,2021-04-23 10:24:39,4
CL00170,337,2021-04-23 11:14:16,4
CL00170,338,2021-04-23 14:03:44,4
CL00170,339,2021-04-23 14:55:12,1
CL00170,340,2021-04-24 11:32:04,1
CL00170,341,2021-04-24 14:39:47,1
CL00170,342,2021-04-27 10:41:44,4
CL00170,343,2021-04-27 11:22:49,1
CL00170,344,2021-04-27 13:56:19,1
CL00170,345,2021-04-27 15:47:47,1
CL00170,346,2021-04-28 13:58:49,1
CL00170,347,2021-04-30 10:10:03,4
CL00170,348,2021-04-30 13:13:17,1
CL00170,389,2021-05-05 10:32:46,4
CL00170,390,2021-05-05 13:29:00,1
CL00170,391,2021-05-05 14:20:03,1
CL00170,392,2021-05-06 10:36:28,2
CL00170,393,2021-05-08 14:01:46,4
CL00170,394,2021-05-11 11:20:55,4
CL00170,395,2021-05-11 13:27:15,1
CL00170,396,2021-05-12 11:00:50,4
CL00170,397,2021-05-12 13:59:33,4
CL00170,398,2021-05-14 15:03:22,4
CL00170,399,2021-05-18 11:04:07,4
CL00170,400,2021-05-19 14:30:19,4
CL00170,401,2021-05-21 12:00:44,2
CL00170,402,2021-05-25 11:12:40,1
CL00170,403,2021-05-25 15:48:42,4
CL00170,404,2021-05-26 13:58:46,4
CL00170,405,2021-05-27 10:27:35,4
CL00170,406,2021-05-28 12:42:30,4
CL00170,407,2021-05-29 14:14:34,1
CL00170,408,2021-05-29 14:39:10,1
CL00170,409,2021-05-29 15:07:25,1
CL00170,410,2021-06-01 11:08:58,1
CL00170,413,2021-06-02 11:32:00,1
CL00170,414,2021-06-04 14:46:22,2
CL00170,415,2021-06-04 15:36:27,4
CL00170,416,2021-06-08 09:49:50,4
CL00170,418,2021-06-08 11:17:27,4
CL00170,419,2021-06-08 16:28:13,4
CL00170,421,2021-06-15 11:06:15,2
CL00170,422,2021-06-18 09:29:57,4
CL00170,423,2021-06-18 10:24:07,1
CL00170,427,2021-06-22 14:55:28,4
CL00170,428,2021-06-22 15:13:36,1
CL00170,429,2021-06-23 11:42:04,1
CL00170,430,2021-06-25 10:28:23,4
CL00170,431,2021-06-29 12:52:13,4
CL00170,432,2021-06-29 16:33:23,4
CL00170,433,2021-06-30 14:15:18,1
CL00170,436,2021-07-03 13:57:28,4
CL00170,440,2021-07-06 13:57:31,4
CL00170,443,2021-07-07 13:24:10,4
CL00170,444,2021-07-08 14:08:38,1
CL00170,446,2021-07-08 15:38:40,4
CL00170,447,2021-07-10 11:32:13,1
CL00170,448,2021-07-10 12:15:03,1
CL00170,451,2021-07-10 14:06:22,1
CL00170,453,2021-07-13 09:58:05,9
CL00170,457,2021-07-16 15:46:46,4
CL00170,459,2021-07-20 13:10:54,1
CL00170,461,2021-08-04 09:26:03,4
CL00170,462,2021-08-05 12:58:06,1
CL00170,464,2021-08-05 15:31:13,4
CL00170,467,2021-08-06 15:16:18,9
CL00170,468,2021-08-07 15:02:35,4
CL00170,469,2021-08-10 13:28:44,9
CL00170,470,2021-08-10 15:40:23,4
CL00170,471,2021-08-10 16:48:12,4
CL00170,472,2021-08-13 10:18:27,1
CL00170,473,2021-08-13 13:58:35,1
CL00170,474,2021-08-14 11:45:45,4
CL00170,475,2021-08-14 13:22:06,1
CL00170,476,2021-08-14 13:52:03,9
CL00170,477,2021-08-14 14:30:20,4
CL00170,478,2021-08-14 15:14:27,4
CL00170,479,2021-08-17 10:36:11,2
CL00170,480,2021-08-20 14:46:08,4
CL00170,481,2021-08-21 10:30:45,2
CL00170,482,2021-08-24 13:06:10,4
CL00170,483,2021-08-24 14:59:34,1
CL00170,484,2021-08-25 12:55:44,2
CL00170,485,2021-08-26 14:06:02,4
CL00170,486,2021-08-26 15:19:13,2
CL00170,487,2021-08-27 14:00:38,4
CL00170,488,2021-08-27 16:14:11,2
CL00170,490,2021-08-31 13:02:50,2
CL00170,492,2021-09-09 12:56:57,4
CL00170,493,2021-09-11 11:23:46,4
CL00170,494,2021-09-14 12:08:49,8
CL00170,495,2021-09-14 13:36:50,8
CL00170,496,2021-09-14 17:22:47,8
CL00170,497,2021-09-17 12:47:10,8
CL00170,498,2021-09-17 14:35:15,2
CL00170,499,2021-09-17 16:31:40,4
CL00170,500,2021-09-21 16:37:31,1
CL00170,501,2021-09-23 14:05:52,2
CL00170,502,2021-09-24 13:12:29,4
CL00170,503,2021-09-25 13:32:38,4
CL00170,504,2021-09-28 15:50:50,4
CL00170,505,2021-10-05 10:07:36,1
CL00170,506,2021-10-05 14:42:37,1
CL00170,507,2021-10-15 10:57:32,4
CL00170,508,2021-10-15 14:29:23,1
CL00170,509,2021-10-16 13:05:47,4
CL00170,510,2021-10-19 11:04:51,4
CL00170,658,2021-10-22 11:58:26,4
CL00170,660,2021-10-26 13:11:05,4
CL00170,662,2021-11-09 11:37:31,2
CL00170,663,2021-11-09 14:05:57,3
CL00170,664,2021-11-12 13:37:30,4
CL00170,665,2021-11-12 15:12:46,4
CL00170,666,2021-11-12 15:14:58,4
CL00170,667,2021-11-13 09:43:49,1
CL00170,668,2021-11-13 11:35:00,4
CL00170,669,2021-11-18 16:11:07,4
CL00170,670,2021-11-19 16:29:44,2
CL00170,671,2021-11-20 15:15:54,4
CL00170,672,2021-11-25 12:59:58,4
CL00170,673,2021-11-25 14:05:52,2
CL00170,674,2021-11-27 13:42:10,2
CL00170,676,2021-12-02 15:01:29,4
CL00170,677,2021-12-09 16:04:03,4
CL00170,678,2021-12-16 14:56:33,4
CL00170,679,2021-12-16 17:07:06,1
CL00170,680,2021-12-30 14:59:21,4
CL00170,681,2021-12-30 15:46:30,4
CL00170,682,2022-01-06 14:58:16,4
CL00170,683,2022-01-07 09:55:54,2
CL00170,684,2022-01-07 12:59:31,4
CL00170,685,2022-01-11 09:52:18,8
CL00170,686,2022-01-11 11:10:23,2
CL00170,687,2022-01-13 11:39:04,4
CL00170,688,2022-01-14 15:47:49,4
CL00170,689,2022-01-18 10:01:19,4
CL00206,59,2021-03-25 14:09:39,9
CL00206,60,2021-03-25 15:10:48,5
CL00206,61,2021-03-25 15:26:31,2
CL00206,62,2021-03-25 15:51:10,5
CL00206,63,2021-03-25 16:03:14,5
CL00206,64,2021-03-26 09:28:59,5
CL00206,65,2021-04-22 13:57:17,1
CL00206,66,2021-04-22 16:59:06,1
CL00206,67,2021-04-23 08:49:02,1
CL00206,68,2021-04-24 12:59:54,5
CL00206,69,2021-04-29 08:59:00,4
CL00206,70,2021-04-29 11:16:55,9
CL00206,71,2021-05-06 08:08:28,4
CL00206,72,2021-05-06 10:58:58,4
CL00206,73,2021-05-06 12:00:59,2
CL00206,74,2021-05-06 12:08:11,9
CL00206,75,2021-05-06 12:12:59,4
CL00206,76,2021-05-06 15:55:05,9
CL00206,77,2021-05-07 15:07:34,2
CL00206,78,2021-05-12 12:53:12,2
CL00206,79,2021-05-18 09:42:32,4
CL00206,80,2021-05-18 10:11:02,5
CL00206,81,2021-05-19 09:59:31,1
CL00206,82,2021-05-19 10:32:47,2
CL00206,83,2021-05-20 11:52:01,1
CL00206,84,2021-05-21 10:59:47,1
CL00206,85,2021-05-21 11:30:37,1
CL00206,89,2021-05-25 15:11:35,4
CL00206,90,2021-05-27 09:52:02,9
CL00206,91,2021-05-27 10:55:40,4
CL00206,92,2021-05-28 11:06:29,5
CL00206,93,2021-05-28 13:34:39,4
CL00206,95,2021-05-29 09:15:18,9
CL00206,96,2021-05-29 12:05:05,4
CL00206,98,2021-06-01 16:18:26,4
CL00206,99,2021-06-03 10:07:53,4
CL00206,100,2021-06-03 11:15:51,4
CL00206,101,2021-06-03 12:15:04,4
CL00206,102,2021-06-03 15:39:53,1
CL00206,103,2021-06-03 16:38:15,1
CL00206,104,2021-06-04 09:38:17,5
CL00206,105,2021-06-04 10:40:34,4
CL00206,109,2021-06-10 11:05:15,1
CL00206,110,2021-06-11 14:36:00,1
CL00206,111,2021-06-11 15:58:10,1
CL00206,113,2021-06-19 12:07:19,4
CL00206,115,2021-08-12 11:56:17,4
CL00206,116,2021-08-14 09:35:56,1
CL00206,117,2021-08-14 11:32:39,2
CL00206,118,2021-08-14 11:35:33,2
CL00206,119,2021-10-09 10:47:30,1
CL00206,120,2021-10-09 12:16:20,1
CL00206,121,2021-10-09 14:14:30,1
CL00206,122,2021-10-09 15:21:08,6
CL00206,124,2021-10-22 11:10:20,1
CL00206,126,2021-10-26 14:20:43,3
CL00206,127,2021-10-27 10:27:19,4
CL00206,128,2021-10-27 13:02:58,4
CL00206,129,2021-10-28 10:05:21,7
CL00206,131,2021-10-29 11:09:58,2
CL00206,132,2021-10-30 12:41:46,1
CL00206,133,2021-10-30 14:56:17,6
CL00206,134,2021-11-06 12:40:27,1
CL00206,135,2021-11-06 16:20:22,4
CL00206,136,2021-11-06 17:33:02,4
CL00206,137,2021-11-06 18:05:49,4
CL00206,138,2021-11-09 13:47:17,1
CL00206,139,2021-11-13 13:06:55,1
CL00206,140,2021-11-13 14:19:09,1
CL00206,141,2021-11-16 14:28:24,4
CL00206,142,2021-11-17 13:48:38,2
CL00206,143,2021-11-19 14:37:15,4
CL00206,144,2021-11-23 11:59:05,4
CL00206,145,2021-11-27 11:34:41,1
CL00206,153,2021-11-30 10:46:43,1
CL00206,156,2021-12-14 09:49:40,4
CL00206,157,2021-12-14 13:11:19,4
CL00206,158,2021-12-14 16:02:23,4
CL00206,160,2021-12-21 14:01:11,4
CL00206,161,2021-12-23 13:16:17,6
CL00206,162,2021-12-28 11:24:58,4
CL00206,163,2021-12-29 09:39:45,1
CL00206,164,2022-01-04 14:16:18,4
CL00206,165,2022-01-05 09:05:26,4
CL00206,167,2022-01-06 14:00:37,6
CL00206,168,2022-01-07 14:15:44,2
CL00206,169,2022-01-07 15:37:51,1
CL00206,170,2022-01-08 15:45:32,4
CL00206,171,2022-01-11 14:32:31,2
CL00206,172,2022-01-12 13:36:21,1
CL00206,174,2022-01-12 15:55:54,4
CL00206,175,2022-01-13 15:06:19,4
CL00206,176,2022-01-13 18:20:46,4
CL00206,177,2022-01-14 15:03:26,1
CL00206,178,2022-01-15 14:36:15,4
CL00206,179,2022-01-18 13:05:45,2
CL00206,181,2022-01-19 14:42:08,4
